date,ticker,positive,tweets
20170221,AAAS,0.861,1479
20170221,AAFK,0.873,6199
20170221,AAT6,0.302,3429
20170221,AAYJ,0.047,5198
20170221,ABB,0.579,3188
20170221,ABEL,0.765,814
20170221,ABI6,0.953,103
20170221,ABSY,0.507,8813
20170221,ABW,0.48,2236
20170221,ACH,0.476,4696
20170221,ACI,0.778,2423
20170221,ACOU,0.029,1426
20170221,ADB,0.856,5078
20170221,ADB2,0.092,3574
20170221,ADGI,0.574,1062
20170221,ADM0,0.14,2608
20170221,ADP,0.564,4396
20170221,ADQ,0.09,4313
20170221,ADUC,0.634,5589
20170221,ADV,0.836,5260
20170221,ADZS,0.201,6981
20170221,AEEQ,0.292,996
20170221,AEQJ,0.437,5960
20170221,AFB0,0.738,265
20170221,AFEO,0.987,4167
20170221,AFFT,0.179,205
20170221,AFO,0.015,1905
20170221,AFZU,0.017,3372
20170221,AGF,0.425,1622
20170221,AGKJ,0.298,7242
20170221,AGUY,0.202,3335
20170221,AGZ,0.938,5942
20170221,AHEL,0.577,106
20170221,AHFM,0.917,181
20170221,AHGN,0.807,72
20170221,AHI,0.198,4403
20170221,AHSV,0.498,430
20170221,AHWU,0.966,1344
20170221,AID,0.398,3904
20170221,AIDA,0.745,6355
20170221,AIJQ,0.428,2020
20170221,AIS,0.969,6020
20170221,AJD,0.719,4049
20170221,AJLP,0.499,6890
20170221,AJQ,0.525,3891
20170221,AKA,0.161,1660
20170221,AKD,0.905,1346
20170221,AKE0,0.356,6374
20170221,AKG,0.691,381
20170221,AKQ3,0.812,509
20170221,AKRG,0.301,240
20170221,AKZR,0.028,8264
20170221,ALVM,0.51,7047
20170221,ALYQ,0.192,7051
20170221,AMD2,0.82,670
20170221,AMD6,0.498,327
20170221,AMDO,0.969,592
20170221,AMJ,0.672,6850
20170221,AMK2,0.812,6402
20170221,AMR3,0.26,5837
20170221,AMXS,0.993,3200
20170221,ANAH,0.515,3547
20170221,ANC2,0.699,3872
20170221,ANJO,0.878,3082
20170221,ANJQ,0.783,239
20170221,ANK,0.542,5540
20170221,ANSD,0.985,4759
20170221,ANSZ,0.844,1954
20170221,AOR8,0.737,500
20170221,AOU,0.446,6637
20170221,AOZ,0.008,5962
20170221,APL,0.186,3051
20170221,APP5,0.233,3309
20170221,APU9,0.17,1926
20170221,APWX,0.007,158
20170221,AQH4,0.767,1730
20170221,AQKX,0.579,7856
20170221,AQLC,0.59,3335
20170221,AQM3,0.947,2317
20170221,AQXQ,0.919,12
20170221,ARG7,0.221,6523
20170221,ATGT,0.147,5395
20170221,ATPJ,0.668,4450
20170221,ATT,0.88,6900
20170221,AUB8,0.477,5927
20170221,AUHM,0.367,5974
20170221,AUOH,0.722,2440
20170221,AUP,0.808,5636
20170221,AUR,0.015,5659
20170221,AVMS,0.332,86
20170221,AVNV,0.657,1907
20170221,AVUM,0.72,6851
20170221,AWF,0.59,2245
20170221,AWHU,0.09,6963
20170221,AWOU,0.673,3834
20170221,AWSP,0.759,4343
20170221,AWV,0.597,570
20170221,AWY,0.538,4659
20170221,AXB2,0.182,1100
20170221,AXE,0.989,3596
20170221,AXLJ,0.395,5321
20170221,AYL,0.516,8475
20170221,AYOI,0.656,4160
20170221,AYSI,0.597,4441
20170221,AYUY,0.471,1014
20170221,AYW,0.885,5864
20170221,AZF4,0.195,5591
20170221,AZG7,0.418,1880
20170221,AZGG,0.909,3266
20170221,AZM,0.987,8975
20170221,AZYZ,0.926,2398
20170221,BAC,0.978,509
20170221,BAEC,0.163,194
20170221,BAG,0.297,5399
20170221,BAS1,0.517,6027
20170221,BBAE,0.675,5307
20170221,BBCS,0.769,7605
20170221,BBFU,0.899,5213
20170221,BBIU,0.289,2061
20170221,BBLY,0.686,1693
20170221,BBNH,0.973,3122
20170221,BBOX,0.01,1626
20170221,BBQ,0.306,3394
20170221,BBVT,0.321,6560
20170221,BCG3,0.507,1620
20170221,BCJM,0.63,2081
20170221,BCRT,0.636,3923
20170221,BCT2,0.07,465
20170221,BCXY,0.127,7163
20170221,BDA0,0.964,3044
20170221,BDL,0.751,4003
20170221,BDYJ,0.751,5671
20170221,BEF1,0.853,2918
20170221,BERL,0.472,2033
20170221,BFEU,0.587,849
20170221,BFJ,0.239,4713
20170221,BFMF,0.714,5258
20170221,BFSN,0.582,6268
20170221,BFVJ,0.863,3218
20170221,BGN,0.661,1890
20170221,BHA,0.503,2786
20170221,BHGI,0.325,5913
20170221,BHT,0.214,6556
20170221,BHYA,0.944,1184
20170221,BIC6,0.651,1890
20170221,BICJ,0.333,1771
20170221,BIOH,0.641,46
20170221,BIY1,0.2,3910
20170221,BJB1,0.784,2621
20170221,BJEZ,0.505,6447
20170221,BJZ,0.016,8974
20170221,BKJ,0.174,1564
20170221,BKK7,0.823,262
20170221,BKOQ,0.318,4222
20170221,BKR,0.875,6277
20170221,BLI5,0.153,6190
20170221,BLM2,0.364,409
20170221,BLP,0.294,7634
20170221,BLQ,0.916,2601
20170221,BMHD,0.757,3206
20170221,BMHQ,0.304,1010
20170221,BMTK,0.137,1214
20170221,BNBC,0.586,5078
20170221,BND,0.566,1416
20170221,BNFS,0.518,6156
20170221,BNR,0.747,2898
20170221,BNTG,0.155,1135
20170221,BNVO,0.363,3858
20170221,BOGZ,0.576,7774
20170221,BOK8,0.936,1043
20170221,BOLL,0.31,7004
20170221,BOSR,0.116,2489
20170221,BOT,0.104,6365
20170221,BPA6,0.254,2266
20170221,BQD,0.736,4655
20170221,BQD1,0.932,7245
20170221,BQJI,0.189,4168
20170221,BQJU,0.944,6046
20170221,BQM5,0.603,5324
20170221,BQY0,0.672,8448
20170221,BRCC,0.198,7161
20170221,BRN7,0.883,6436
20170221,BRW0,0.053,7221
20170221,BRYL,0.293,2610
20170221,BSAM,0.548,3765
20170221,BSBK,0.303,2954
20170221,BSD,0.378,2414
20170221,BTFA,0.378,3803
20170221,BTJR,0.402,6694
20170221,BTSA,0.249,4383
20170221,BTVS,0.17,3306
20170221,BUM,0.703,6255
20170221,BURF,0.236,7583
20170221,BURM,0.263,23
20170221,BUS,0.592,338
20170221,BUVF,0.157,7906
20170221,BUXM,0.689,7133
20170221,BUYU,0.507,6000
20170221,BVE4,0.353,7257
20170221,BVL6,0.552,291
20170221,BVSQ,0.107,6339
20170221,BWEW,0.524,104
20170221,BWK,0.872,3810
20170221,BWP,0.934,2227
20170221,BWQA,0.637,6506
20170221,BWU,0.977,5650
20170221,BWXW,0.649,1431
20170221,BXOR,0.384,6232
20170221,BXZK,0.5,8641
20170221,BXZR,0.201,2865
20170221,BYFO,0.828,5450
20170221,BYG3,0.224,7474
20170221,BYL,0.875,3622
20170221,BYP,0.209,4096
20170221,BYQ1,0.17,4646
20170221,BYZ3,0.668,6049
20170221,BZNA,0.17,101
20170221,BZNB,0.098,557
20170221,BZOK,0.913,6391
20170221,BZP,0.96,2744
20170221,BZWL,0.859,7869
20170221,BZZ,0.555,5700
20170221,BZZ3,0.044,4756
20170221,CAHR,0.734,4789
20170221,CAI,0.732,3784
20170221,CAV7,0.048,6161
20170221,CAVU,0.03,6287
20170221,CBLA,0.386,229
20170221,CBU3,0.021,7778
20170221,CBY1,0.811,5943
20170221,CCSF,0.648,4580
20170221,CCTQ,0.407,455
20170221,CCXT,0.7,2866
20170221,CDAF,0.321,2628
20170221,CDEN,0.547,5774
20170221,CDN,0.433,343
20170221,CDXY,0.623,2147
20170221,CEDY,0.978,5449
20170221,CEQA,0.13,6991
20170221,CEQL,0.54,2960
20170221,CET7,0.716,3286
20170221,CEVJ,0.025,6026
20170221,CFG,0.475,478
20170221,CFP2,0.164,3448
20170221,CFPI,0.017,6555
20170221,CGH0,0.311,1615
20170221,CGP9,0.83,4517
20170221,CGVA,0.705,1200
20170221,CGWN,0.096,6181
20170221,CHB,0.349,2210
20170221,CHJL,0.763,6736
20170221,CHMG,0.242,2222
20170221,CHN,0.651,249
20170221,CHNX,0.698,3618
20170221,CIAV,0.586,3552
20170221,CIF1,0.668,1289
20170221,CISF,0.46,4726
20170221,CJD3,0.507,1762
20170221,CJJZ,0.562,6509
20170221,CJS,0.953,2360
20170221,CKIS,0.261,3166
20170221,CKN6,0.647,1339
20170221,CKQ3,0.473,2442
20170221,CLB9,0.007,6594
20170221,CLBP,0.106,3258
20170221,CLCT,0.232,6744
20170221,CLFG,0.394,4900
20170221,CLLB,0.827,1928
20170221,CLP,0.458,7224
20170221,CLZ,0.492,8605
20170221,CMM4,0.758,5416
20170221,CMOP,0.622,6963
20170221,CNGZ,0.981,1740
20170221,CNM,0.174,2932
20170221,CNM3,0.739,3459
20170221,CNPM,0.61,7890
20170221,CNWB,0.999,3081
20170221,CNZM,0.907,7980
20170221,COID,0.364,2430
20170221,COJ2,0.655,335
20170221,COPW,0.134,2841
20170221,CPAW,0.694,883
20170221,CQN7,0.627,7762
20170221,CQVZ,0.034,4743
20170221,CQW1,0.648,110
20170221,CRBL,0.276,5936
20170221,CRN,0.781,7125
20170221,CRRL,0.288,5886
20170221,CRWM,0.602,3727
20170221,CSS8,0.181,3026
20170221,CSX5,0.557,6491
20170221,CTKB,0.17,2037
20170221,CTSD,0.902,5117
20170221,CUC,0.81,2759
20170221,CUKJ,0.422,1787
20170221,CVAJ,0.966,1969
20170221,CVH,0.457,2440
20170221,CVL,0.082,8170
20170221,CVN,0.736,5031
20170221,CVN0,0.371,972
20170221,CVQ3,0.744,5900
20170221,CVRP,0.415,6404
20170221,CVZW,0.091,684
20170221,CWB,0.201,109
20170221,CWMI,0.688,4009
20170221,CWV,0.619,3836
20170221,CXDE,0.708,4801
20170221,CXNQ,0.702,3284
20170221,CXQI,0.022,598
20170221,CXQN,0.782,1390
20170221,CXR3,0.909,7039
20170221,CXU3,0.522,3216
20170221,CYD2,0.522,4593
20170221,CYE4,0.315,6400
20170221,CYFG,0.309,1805
20170221,CYFX,0.559,2006
20170221,CYH,0.623,8342
20170221,CYLJ,0.392,901
20170221,CYS9,0.155,3311
20170221,CYST,0.485,2939
20170221,CZFH,0.79,1789
20170221,CZG3,0.745,4199
20170221,CZK,0.326,7040
20170221,CZR,0.422,6397
20170221,DAHX,0.517,6121
20170221,DALW,0.796,8517
20170221,DAMK,0.807,1332
20170221,DARQ,0.238,1382
20170221,DBB4,0.935,3951
20170221,DBDJ,0.393,3223
20170221,DBFN,0.804,822
20170221,DBKL,0.154,2051
20170221,DBLX,0.627,6489
20170221,DBY,0.577,6208
20170221,DCF,0.597,1645
20170221,DCMY,0.417,7875
20170221,DCT8,0.143,5850
20170221,DCU,0.106,5001
20170221,DDGD,0.79,610
20170221,DDKA,0.073,6848
20170221,DDKE,0.371,4492
20170221,DDL,0.457,6269
20170221,DDYC,0.322,4494
20170221,DDZ6,0.381,1890
20170221,DEG,0.479,1470
20170221,DER5,0.907,3394
20170221,DESM,0.27,1455
20170221,DETK,0.153,3816
20170221,DFDU,0.21,1305
20170221,DFPB,0.817,3661
20170221,DFS5,0.118,3136
20170221,DFT,0.194,6353
20170221,DFU8,0.572,5530
20170221,DFV,0.97,2415
20170221,DFXG,0.953,2773
20170221,DGMU,0.842,5905
20170221,DGX,0.868,1774
20170221,DHN,0.235,5840
20170221,DHS,0.94,4124
20170221,DHVF,0.886,3229
20170221,DIA,0.398,5463
20170221,DIE8,0.522,1415
20170221,DIZM,0.006,8213
20170221,DJK,0.384,5464
20170221,DJPH,0.95,7246
20170221,DJRN,0.582,6691
20170221,DJSX,0.036,2331
20170221,DKIL,0.595,2110
20170221,DKY,0.273,3084
20170221,DKYJ,0.073,6510
20170221,DKZ,0.879,2378
20170221,DKZ0,0.002,67
20170221,DLE,0.626,2880
20170221,DLK9,0.244,1710
20170221,DLPX,0.271,1744
20170221,DLT,0.374,792
20170221,DMA0,0.926,4374
20170221,DMGX,0.982,4117
20170221,DMKS,0.719,6907
20170221,DMNN,0.709,2011
20170221,DMVW,0.842,5734
20170221,DMYO,0.9,3949
20170221,DMZ0,0.479,8402
20170221,DNOC,0.34,4709
20170221,DNX9,0.101,2538
20170221,DOAX,0.661,8597
20170221,DOD,0.095,3779
20170221,DOUN,0.97,8148
20170221,DPBY,0.368,46
20170221,DPD,0.689,1152
20170221,DPFF,0.679,1696
20170221,DPNB,0.859,4173
20170221,DPV,0.337,4957
20170221,DPVX,0.366,7476
20170221,DQD3,0.726,2775
20170221,DQE,0.075,6076
20170221,DQHT,0.128,1999
20170221,DQIJ,0.333,2651
20170221,DQPG,0.726,6450
20170221,DQQ,0.457,4170
20170221,DQW2,0.68,777
20170221,DQY,0.43,6121
20170221,DRB,0.664,7448
20170221,DRD9,0.257,3577
20170221,DRE0,0.634,7279
20170221,DRRS,0.199,2905
20170221,DSO,0.052,5588
20170221,DSO6,0.225,5666
20170221,DSOE,0.79,8074
20170221,DSS,0.044,1914
20170221,DSV,0.075,8346
20170221,DSZE,0.178,8921
20170221,DTPS,0.342,512
20170221,DTS,0.546,7046
20170221,DTT,0.136,4139
20170221,DTVH,0.649,8206
20170221,DUHY,0.793,6863
20170221,DUN,0.924,4186
20170221,DUN3,0.029,5282
20170221,DUW2,0.241,3311
20170221,DUX,0.721,7477
20170221,DVB,0.523,2437
20170221,DVK,0.396,6674
20170221,DVLZ,0.906,7395
20170221,DVN,0.358,2506
20170221,DVW8,0.842,3315
20170221,DWE,0.67,4804
20170221,DWK,0.103,3877
20170221,DWP0,0.22,6949
20170221,DWSK,0.58,1196
20170221,DWZL,0.761,7731
20170221,DXJ,0.463,8780
20170221,DXJ7,0.611,1799
20170221,DXL,0.249,4772
20170221,DXN,0.697,6254
20170221,DXOZ,0.263,1358
20170221,DXZM,0.389,8728
20170221,DYA1,0.132,1255
20170221,DYA3,0.576,1103
20170221,DYK9,0.374,4950
20170221,DZKL,0.979,5494
20170221,DZP8,0.392,5652
20170221,DZV,0.151,8150
20170221,DZWQ,0.096,5069
20170221,EAH,0.688,2498
20170221,EAM0,0.338,2005
20170221,EAVR,0.117,3244
20170221,EBDA,0.389,3573
20170221,EBW5,0.988,7485
20170221,EBW9,0.199,7140
20170221,ECDG,0.229,2677
20170221,ECK5,0.583,3810
20170221,ECS8,0.976,3212
20170221,ECU7,0.649,4188
20170221,ECW2,0.842,1311
20170221,EDLT,0.229,6609
20170221,EDRI,0.489,6780
20170221,EDS,0.637,2752
20170221,EDY9,0.004,6371
20170221,EEBI,0.909,521
20170221,EEC,0.786,5659
20170221,EEKB,0.21,974
20170221,EEMD,0.648,5866
20170221,EEX,0.566,4129
20170221,EEZC,0.715,1514
20170221,EFG0,0.573,5486
20170221,EFN4,0.507,7534
20170221,EGHC,0.305,6997
20170221,EGTR,0.212,2151
20170221,EHE,0.225,6210
20170221,EHIU,0.697,8166
20170221,EHM8,0.563,4895
20170221,EHSR,0.689,8085
20170221,EHX8,0.369,1125
20170221,EIAC,0.282,3524
20170221,EIAF,0.975,5813
20170221,EID,0.319,4040
20170221,EIJ,0.564,2254
20170221,EIPJ,0.387,384
20170221,EIU0,0.146,2486
20170221,EIZD,0.584,1895
20170221,EJEP,0.927,5070
20170221,EJG,0.338,1577
20170221,EJPO,0.544,7962
20170221,EJQ9,0.548,7295
20170221,EJVS,0.8,1544
20170221,EKRY,0.38,4108
20170221,ELH3,0.076,138
20170221,ELL4,0.954,4729
20170221,ELVE,0.184,3662
20170221,ELW,0.417,4866
20170221,EMDI,0.152,4151
20170221,EME4,0.951,2530
20170221,EME5,0.127,4794
20170221,EMM,0.855,3923
20170221,EMRT,0.143,5787
20170221,ENIX,0.798,1732
20170221,ENX,0.14,7798
20170221,EOBE,0.753,1555
20170221,EOL1,0.706,1573
20170221,EOT,0.327,4930
20170221,EPA2,0.3,7829
20170221,EPA3,0.883,2138
20170221,EPG3,0.495,2512
20170221,EPMR,0.452,5067
20170221,EPRW,0.566,3141
20170221,EPT,0.011,4309
20170221,EPYC,0.52,615
20170221,EQUP,0.586,5461
20170221,EQXG,0.206,257
20170221,ERE0,0.89,3841
20170221,ERNU,0.52,7982
20170221,ERP3,0.404,1618
20170221,ESAB,0.822,7096
20170221,ESCJ,0.295,1529
20170221,ESD,0.258,1219
20170221,ESGA,0.678,1227
20170221,ESIZ,0.227,2327
20170221,ESW,0.146,5507
20170221,ETUQ,0.683,4810
20170221,ETX4,0.597,3153
20170221,ETYB,0.244,3118
20170221,EUCH,0.28,934
20170221,EUGE,0.795,6902
20170221,EUP,0.582,1942
20170221,EVBM,0.467,5272
20170221,EVC,0.39,1985
20170221,EVG,0.797,5395
20170221,EVOT,0.604,4555
20170221,EVP,0.997,6819
20170221,EVPB,0.82,6931
20170221,EWA8,0.683,454
20170221,EWD,0.441,5542
20170221,EWJ,0.905,5128
20170221,EXCI,0.246,7324
20170221,EXY5,0.883,775
20170221,EYW,0.845,5240
20170221,EZEG,0.756,5299
20170221,EZHK,0.439,198
20170221,EZIV,0.957,5476
20170221,EZQJ,0.739,3439
20170221,EZX,0.254,4073
20170221,FAAA,0.879,5309
20170221,FAQQ,0.199,5690
20170221,FAX2,0.719,2027
20170221,FBL,0.751,5021
20170221,FBSK,0.442,5391
20170221,FBT,0.415,6420
20170221,FBW0,0.244,4651
20170221,FBZ,0.728,6944
20170221,FCHX,0.987,566
20170221,FCKV,0.688,6671
20170221,FCT,0.045,8344
20170221,FCT1,0.622,1109
20170221,FCXO,0.659,4894
20170221,FDM2,0.863,2543
20170221,FDX3,0.269,7911
20170221,FEIK,0.658,148
20170221,FEIN,0.634,2113
20170221,FEIW,0.27,82
20170221,FEPU,0.772,2887
20170221,FEWX,0.604,6109
20170221,FEY,0.33,857
20170221,FFB9,0.344,4098
20170221,FFKQ,0.851,875
20170221,FFL8,0.095,3441
20170221,FFXR,0.853,422
20170221,FGGP,0.565,1472
20170221,FGNH,0.487,670
20170221,FGT9,0.691,2669
20170221,FGV,0.544,2588
20170221,FHD,0.842,2718
20170221,FHKN,0.513,913
20170221,FIR9,0.034,6087
20170221,FJA,0.333,2371
20170221,FKHU,0.299,1178
20170221,FKJ,0.909,7323
20170221,FKO5,0.664,6575
20170221,FLCD,0.686,289
20170221,FMBG,0.109,6979
20170221,FMI,0.932,2266
20170221,FMS,0.371,7933
20170221,FNB9,0.463,750
20170221,FNH,0.567,4858
20170221,FNH9,0.217,1651
20170221,FNLL,0.356,7634
20170221,FNV1,0.52,2439
20170221,FOA,0.245,898
20170221,FOHJ,0.386,2921
20170221,FORO,0.57,2783
20170221,FOXR,0.951,91
20170221,FPWE,0.039,2070
20170221,FPX,0.178,5595
20170221,FQD,0.517,678
20170221,FQF5,0.129,2208
20170221,FQLA,0.455,880
20170221,FRB,0.311,7597
20170221,FRDJ,0.095,8011
20170221,FRFF,0.322,4074
20170221,FRH4,0.899,702
20170221,FRV,0.809,7464
20170221,FRVE,0.366,4537
20170221,FRYD,0.237,2015
20170221,FSF,0.75,2187
20170221,FSI,0.663,1026
20170221,FSN,0.174,7568
20170221,FSTS,0.238,3586
20170221,FSWK,0.327,1471
20170221,FSZY,0.274,5418
20170221,FTS,0.765,4273
20170221,FUG,0.228,4571
20170221,FUR8,0.384,1005
20170221,FUZ,0.485,6622
20170221,FUZ0,0.101,6000
20170221,FWCK,0.01,3632
20170221,FWEJ,0.607,2376
20170221,FXA,0.625,383
20170221,FXC2,0.301,3291
20170221,FXDQ,0.371,417
20170221,FXDS,0.402,982
20170221,FXN3,0.706,2411
20170221,FXP6,0.116,8782
20170221,FXQ,0.804,6017
20170221,FXQT,0.071,8156
20170221,FXR,0.034,8711
20170221,FXZN,0.33,7471
20170221,FYC,0.79,8448
20170221,FZBS,0.63,2789
20170221,FZCB,0.261,1371
20170221,FZCT,0.6,6634
20170221,FZE8,0.622,787
20170221,FZLT,0.609,3288
20170221,FZR3,0.412,877
20170221,FZXL,0.984,979
20170221,GCA0,0.282,2768
20170221,GCA9,0.39,5123
20170221,GCAA,0.857,737
20170221,GCEP,0.785,5814
20170221,GCHK,0.461,3673
20170221,GCIK,0.376,1555
20170221,GCM2,0.464,572
20170221,GCOY,0.417,5920
20170221,GCS3,0.151,5585
20170221,GCV7,0.676,1026
20170221,GDD,0.937,4812
20170221,GDDW,0.378,4900
20170221,GDE,0.27,2743
20170221,GDE4,0.97,6012
20170221,GDFU,0.058,5397
20170221,GDW6,0.914,1522
20170221,GEI,0.626,3046
20170221,GELJ,0.575,183
20170221,GEN,0.817,6073
20170221,GFD,0.728,5675
20170221,GFD1,0.058,618
20170221,GFDB,0.176,6918
20170221,GFS5,0.61,629
20170221,GGAI,0.679,4005
20170221,GGE,0.511,7011
20170221,GGUK,0.879,3001
20170221,GGX,0.721,337
20170221,GGX3,0.749,3299
20170221,GGYV,0.157,3843
20170221,GHD,0.573,1943
20170221,GHJE,0.061,6144
20170221,GHJL,0.415,1939
20170221,GHNS,0.198,277
20170221,GHO0,0.53,944
20170221,GHV,0.204,2396
20170221,GHX6,0.715,3596
20170221,GIER,0.225,7803
20170221,GIUK,0.288,3950
20170221,GIX,0.84,6495
20170221,GJHL,0.92,3400
20170221,GJKT,0.333,6648
20170221,GJW1,0.998,4076
20170221,GKB,0.187,1525
20170221,GKB5,0.718,3771
20170221,GKJR,0.036,7962
20170221,GKL0,0.042,1585
20170221,GKV4,0.373,3436
20170221,GKWF,0.597,8355
20170221,GLF9,0.577,3163
20170221,GLKY,0.014,6683
20170221,GLV,0.091,6563
20170221,GLW,0.402,4695
20170221,GMAJ,0.904,6058
20170221,GMOH,0.801,6581
20170221,GMP,0.26,3955
20170221,GMPV,0.26,3075
20170221,GMS,0.92,5722
20170221,GMZ5,0.645,2159
20170221,GNJ,0.695,2365
20170221,GNJ6,0.666,6443
20170221,GNK,0.829,6228
20170221,GNL,0.25,3088
20170221,GNL7,0.795,5168
20170221,GNM8,0.058,6586
20170221,GNN3,0.517,3737
20170221,GNOK,0.949,6219
20170221,GNQ,0.693,4087
20170221,GOBP,0.278,2274
20170221,GOI,0.706,3674
20170221,GOIR,0.746,3445
20170221,GOQ,0.699,3617
20170221,GOR0,0.325,6776
20170221,GOVW,0.557,2005
20170221,GOYM,0.781,4220
20170221,GPBD,0.97,4411
20170221,GPCB,0.579,6081
20170221,GPJD,0.757,5075
20170221,GPK1,0.024,5433
20170221,GPOM,0.373,5427
20170221,GPQ,0.361,5830
20170221,GPW7,0.69,6035
20170221,GPZ,0.244,1926
20170221,GQH,0.921,4509
20170221,GQN7,0.233,3775
20170221,GQQD,0.551,1534
20170221,GQYM,0.826,7995
20170221,GRD9,0.997,1355
20170221,GRVI,0.59,2250
20170221,GSNG,0.527,7132
20170221,GSUB,0.285,1566
20170221,GTC,0.676,7703
20170221,GTEG,0.876,5372
20170221,GTHK,0.425,3136
20170221,GTMU,0.558,258
20170221,GTP4,0.751,1764
20170221,GTX7,0.673,1986
20170221,GUEL,0.966,2721
20170221,GUM,0.753,4745
20170221,GUP,0.92,8029
20170221,GUSK,0.272,1093
20170221,GUUE,0.477,5858
20170221,GUV,0.583,8265
20170221,GVG1,0.446,1721
20170221,GVHT,0.998,8094
20170221,GVP0,0.869,7163
20170221,GVS,0.858,1787
20170221,GWHW,0.85,6772
20170221,GWI4,0.823,6597
20170221,GWPR,0.756,7338
20170221,GXDH,0.741,2141
20170221,GXH,0.554,8662
20170221,GXI9,0.551,6455
20170221,GXL1,0.677,6631
20170221,GXN,0.441,2871
20170221,GXV,0.547,5060
20170221,GYLS,0.788,3025
20170221,GYPL,0.506,5978
20170221,GYRE,0.396,6526
20170221,GYX,0.685,8067
20170221,GZD9,0.376,5171
20170221,GZH1,0.01,717
20170221,GZQW,0.149,4009
20170221,GZW,0.143,7418
20170221,GZY2,0.33,4019
20170221,GZZ3,0.451,8320
20170221,HAG,0.985,3647
20170221,HAQ,0.974,326
20170221,HAT,0.319,455
20170221,HAV,0.08,8055
20170221,HAW,0.617,5201
20170221,HAX,0.27,5767
20170221,HBRV,0.431,3439
20170221,HBT6,0.003,4806
20170221,HBT8,0.764,7818
20170221,HBZ,0.492,2633
20170221,HCKW,0.061,5869
20170221,HCND,0.375,3917
20170221,HCR7,0.105,4081
20170221,HDXF,0.766,6043
20170221,HEC,0.627,3177
20170221,HEM0,0.286,4275
20170221,HEN6,0.874,2533
20170221,HFRY,0.687,4722
20170221,HFVC,0.204,6074
20170221,HGG7,0.736,4338
20170221,HGKZ,0.24,5757
20170221,HGVZ,0.144,2597
20170221,HHL,0.536,3086
20170221,HHLD,0.921,5057
20170221,HHV0,0.161,1875
20170221,HIAH,0.06,6834
20170221,HIC1,0.243,1956
20170221,HIIB,0.196,3503
20170221,HIIO,0.357,48
20170221,HIQV,0.969,4395
20170221,HIT8,0.095,4834
20170221,HIX,0.18,3597
20170221,HIZI,0.877,3580
20170221,HJEA,0.41,4293
20170221,HJMO,0.502,4943
20170221,HJN,0.872,3273
20170221,HJQ1,0.118,6029
20170221,HKET,0.668,208
20170221,HKEZ,0.009,4598
20170221,HKHN,0.001,2374
20170221,HKI,0.34,4347
20170221,HKL4,0.803,1218
20170221,HKVU,0.627,4729
20170221,HKW,0.729,784
20170221,HKZ,0.409,4142
20170221,HLA,0.492,3147
20170221,HLCH,0.595,6654
20170221,HLH3,0.494,6024
20170221,HLJ7,0.776,5752
20170221,HLL9,0.381,6765
20170221,HLRP,0.87,1372
20170221,HMVU,0.787,7172
20170221,HMYR,0.114,1311
20170221,HNBU,0.073,2689
20170221,HNCW,0.182,2314
20170221,HNF9,0.941,1918
20170221,HNGS,0.22,4504
20170221,HNPG,0.199,5795
20170221,HNRR,0.639,5153
20170221,HOBX,0.579,6228
20170221,HODG,0.407,2437
20170221,HOE,0.869,6086
20170221,HOEN,0.171,3517
20170221,HOEP,0.312,4276
20170221,HOIC,0.347,4133
20170221,HOJA,0.114,6186
20170221,HOTF,0.235,7032
20170221,HOXI,0.875,5684
20170221,HPB4,0.475,5684
20170221,HPGG,0.379,5465
20170221,HPJ5,0.491,7148
20170221,HPML,0.926,6356
20170221,HPW,0.243,6627
20170221,HQL1,0.928,4129
20170221,HQQ,0.526,7562
20170221,HQUC,0.327,3802
20170221,HQVG,0.461,8362
20170221,HQW,0.911,8348
20170221,HQWU,0.248,4143
20170221,HRDL,0.571,1456
20170221,HRDT,0.859,3446
20170221,HRF,0.971,4248
20170221,HRU,0.955,6514
20170221,HRU6,0.072,3455
20170221,HSBK,0.602,2315
20170221,HSQ1,0.589,6064
20170221,HSU,0.214,1423
20170221,HTA,0.731,2523
20170221,HTDA,0.872,4744
20170221,HTI7,0.628,5247
20170221,HTVX,0.339,4758
20170221,HUB8,0.928,8052
20170221,HUC,0.451,637
20170221,HUGQ,0.83,7416
20170221,HUJX,0.401,5467
20170221,HUPY,0.454,7956
20170221,HUT7,0.07,8469
20170221,HUXB,0.4,7070
20170221,HVW,0.034,6572
20170221,HWLL,0.69,7132
20170221,HWM,0.265,2035
20170221,HWW2,0.807,7505
20170221,HWWS,0.282,4162
20170221,HXL,0.163,6828
20170221,HXL7,0.739,882
20170221,HYE,0.215,6141
20170221,HYF9,0.66,2695
20170221,HYIZ,0.966,6456
20170221,HZJC,0.73,8461
20170221,HZS,0.064,6258
20170221,HZTY,0.591,3466
20170221,HZY,0.586,696
20170221,IASH,0.84,7970
20170221,IBW2,0.821,2960
20170221,IBXD,0.74,3132
20170221,ICZ,0.791,4441
20170221,IDJ8,0.68,4872
20170221,IDP,0.573,5295
20170221,IDUL,0.658,5589
20170221,IEH2,0.685,6753
20170221,IEWB,0.144,6428
20170221,IEXV,0.817,8360
20170221,IFO4,0.701,3778
20170221,IFS5,0.333,4231
20170221,IFZ4,0.821,1095
20170221,IGDN,0.649,6307
20170221,IGQT,0.061,1360
20170221,IGU,0.857,8048
20170221,IGV,0.502,1275
20170221,IHAN,0.088,441
20170221,IHL5,0.123,4440
20170221,IHM8,0.183,6446
20170221,IIBT,0.144,5556
20170221,IIZ6,0.321,1952
20170221,IJI4,0.132,139
20170221,IJK,0.198,7261
20170221,IJR3,0.496,6805
20170221,IJZJ,0.511,7631
20170221,IKD,0.448,453
20170221,IKF,0.456,2702
20170221,IKFM,0.965,4391
20170221,IKNH,0.855,7099
20170221,IKSG,0.472,2990
20170221,IKXG,0.18,6484
20170221,IKYV,0.703,3189
20170221,IKZ,0.872,2790
20170221,ILCY,0.593,8048
20170221,ILJV,0.503,7583
20170221,ILN0,0.012,5759
20170221,ILS3,0.977,4311
20170221,ILSG,0.777,6553
20170221,ILXL,0.48,2964
20170221,ILZ2,0.488,509
20170221,INCM,0.541,3348
20170221,INVR,0.472,6459
20170221,IOF9,0.006,1709
20170221,IOM1,0.676,109
20170221,IOSZ,0.692,80
20170221,IOUJ,0.911,5127
20170221,IPA8,0.23,6391
20170221,IPH1,0.619,4946
20170221,IPQE,0.066,1621
20170221,IPX1,0.524,1060
20170221,IPXR,0.722,2500
20170221,IQG8,0.824,5178
20170221,IQKB,0.882,2111
20170221,IQWC,0.352,3813
20170221,IRFN,0.577,550
20170221,IRFO,0.94,4052
20170221,IRNJ,0.996,4688
20170221,ISE,0.52,3205
20170221,ISWU,0.715,1966
20170221,ITQL,0.119,2678
20170221,ITW8,0.179,8381
20170221,IUC,0.895,849
20170221,IUE,0.768,6196
20170221,IUOS,0.427,8135
20170221,IUP,0.929,3461
20170221,IVNW,0.938,2116
20170221,IVO5,0.622,5217
20170221,IVUQ,0.8,4417
20170221,IVWG,0.046,1489
20170221,IWBZ,0.537,1881
20170221,IWK,0.148,8139
20170221,IWPC,0.149,8011
20170221,IWQG,0.856,7622
20170221,IWVA,0.224,8378
20170221,IXC,0.984,5692
20170221,IXLN,0.606,8762
20170221,IXU7,0.452,6364
20170221,IXXT,0.311,7106
20170221,IXY,0.961,3851
20170221,IYA0,0.199,7353
20170221,IYCC,0.381,7251
20170221,IYP,0.77,3423
20170221,IYU,0.576,8662
20170221,IYV3,0.911,6214
20170221,IYX,0.748,4163
20170221,IYZM,0.72,8942
20170221,IZEN,0.02,4924
20170221,IZI,0.984,2719
20170221,IZIR,0.13,3489
20170221,IZJO,0.404,5500
20170221,IZM8,0.133,4104
20170221,JAB7,0.433,6876
20170221,JAE,0.364,5963
20170221,JAVR,0.538,388
20170221,JBIS,0.076,3961
20170221,JBJN,0.333,7220
20170221,JBR,0.055,6168
20170221,JBUK,0.547,6040
20170221,JCDU,0.528,240
20170221,JCI8,0.299,3722
20170221,JCXA,0.434,8504
20170221,JDB,0.649,6465
20170221,JDI,0.634,884
20170221,JDN,0.723,2552
20170221,JED5,0.939,6650
20170221,JEOF,0.027,5828
20170221,JEPE,0.287,6023
20170221,JEST,0.454,3205
20170221,JFAA,0.139,5955
20170221,JFBQ,0.298,1706
20170221,JFE,0.06,5250
20170221,JFF7,0.982,2845
20170221,JFMP,0.144,3444
20170221,JFU,0.966,227
20170221,JFV,0.689,1593
20170221,JFXT,0.537,5471
20170221,JGE7,0.276,6515
20170221,JGON,0.402,7473
20170221,JGSY,0.382,5800
20170221,JGXH,0.424,2620
20170221,JHCN,0.95,5685
20170221,JHDA,0.051,6627
20170221,JHP4,0.905,4443
20170221,JHSR,0.092,1690
20170221,JHZT,0.014,3814
20170221,JICD,0.468,5173
20170221,JIT,0.475,5179
20170221,JJBU,0.529,2008
20170221,JJIJ,0.664,3165
20170221,JJQ,0.476,7520
20170221,JJTN,0.394,312
20170221,JJVA,0.757,3846
20170221,JKGN,0.638,7167
20170221,JKJ,0.376,150
20170221,JKW0,0.466,6974
20170221,JKZX,0.804,3064
20170221,JLDZ,0.286,6526
20170221,JLE,0.819,5948
20170221,JLH,0.812,5132
20170221,JLUB,0.019,7625
20170221,JNEZ,0.716,8467
20170221,JNJD,0.054,3580
20170221,JNJY,0.863,2985
20170221,JNS,0.391,2648
20170221,JNXT,0.072,3181
20170221,JOA0,0.244,363
20170221,JOB,0.364,4472
20170221,JOC,0.325,2266
20170221,JODK,0.879,7173
20170221,JOL,0.343,6866
20170221,JOM3,0.308,2734
20170221,JOY4,0.45,6331
20170221,JOZ,0.817,2007
20170221,JPH2,0.182,7076
20170221,JPSW,0.375,4558
20170221,JQBV,0.934,6110
20170221,JQD5,0.32,1560
20170221,JQQH,0.545,4463
20170221,JQTL,0.102,1349
20170221,JRAX,0.071,729
20170221,JRB,0.175,4955
20170221,JRH,0.789,2716
20170221,JRM5,0.342,7647
20170221,JRYL,0.302,597
20170221,JRZ9,0.758,4569
20170221,JSC,0.312,8106
20170221,JSPN,0.332,8178
20170221,JTL2,0.668,4234
20170221,JTSY,0.769,226
20170221,JTW,0.986,5862
20170221,JUGP,0.412,6439
20170221,JUR7,0.865,2735
20170221,JUUH,,7754
20170221,JVH,0.867,6138
20170221,JWC6,0.317,6201
20170221,JWG,0.896,5179
20170221,JWJ9,0.236,2522
20170221,JWK3,0.357,1175
20170221,JWSJ,0.037,340
20170221,JWZ4,0.902,7428
20170221,JXEJ,0.614,5658
20170221,JXQ8,0.057,2086
20170221,JXS,0.348,4577
20170221,JXXV,0.371,1449
20170221,JYK,0.218,6303
20170221,JYNF,0.997,3204
20170221,JYW8,0.904,5372
20170221,JZAV,0.093,2157
20170221,JZO,0.552,6405
20170221,JZQX,0.439,8846
20170221,JZV2,0.408,8025
20170221,JZWH,0.689,694
20170221,KAE6,0.712,3803
20170221,KAEL,0.004,374
20170221,KAGF,0.768,598
20170221,KAH3,0.144,1500
20170221,KAKH,0.108,5669
20170221,KALS,0.25,4352
20170221,KAT6,0.128,8057
20170221,KAXP,0.06,7573
20170221,KAZO,0.099,2908
20170221,KBC6,0.788,6612
20170221,KBCF,0.698,4303
20170221,KBJL,0.662,1717
20170221,KBQ0,0.137,4635
20170221,KBVL,0.098,7202
20170221,KBW,0.878,3833
20170221,KCPU,0.869,827
20170221,KCRQ,0.393,2017
20170221,KDY,0.072,3808
20170221,KEQ,0.603,1097
20170221,KET,0.448,1741
20170221,KFD,0.874,66
20170221,KFK3,0.826,1950
20170221,KFPC,0.08,1490
20170221,KFX,0.086,3421
20170221,KGCD,0.855,6967
20170221,KGDP,0.538,1222
20170221,KGR4,0.123,6828
20170221,KGRA,0.438,4701
20170221,KGT1,0.814,4192
20170221,KGWE,0.435,1876
20170221,KGWP,0.71,4208
20170221,KHON,0.087,634
20170221,KHXY,0.16,2079
20170221,KHYZ,0.406,8612
20170221,KICR,0.851,6221
20170221,KIIQ,0.134,3668
20170221,KJCX,0.397,6905
20170221,KJUX,0.403,6485
20170221,KJWB,0.881,1159
20170221,KJX,0.79,1800
20170221,KJXU,0.714,6863
20170221,KJY,0.087,3353
20170221,KKB7,0.676,4730
20170221,KKE,0.003,7022
20170221,KKHQ,0.2,6675
20170221,KKHU,0.134,1215
20170221,KKQS,0.142,6602
20170221,KKV,0.445,2253
20170221,KLJJ,0.507,2064
20170221,KLL3,0.627,7310
20170221,KLS2,0.275,1157
20170221,KLV,0.186,7803
20170221,KMBC,0.269,2132
20170221,KMI,0.755,2343
20170221,KMIM,0.52,2352
20170221,KMUE,0.743,3782
20170221,KNAT,0.151,2241
20170221,KNBB,0.015,2806
20170221,KNGB,0.958,4114
20170221,KNUZ,0.409,3914
20170221,KNY,0.18,1288
20170221,KOCH,0.906,5720
20170221,KOV9,0.19,548
20170221,KOW,0.375,5482
20170221,KPA,0.577,4197
20170221,KPCK,0.54,1194
20170221,KPEH,0.154,4810
20170221,KPH,0.927,1699
20170221,KPJ6,0.363,1362
20170221,KPKA,0.515,6110
20170221,KPVD,0.417,1205
20170221,KPY,0.761,3836
20170221,KQKC,0.646,6906
20170221,KQX,0.576,4974
20170221,KQX6,0.717,2577
20170221,KRAW,0.262,7464
20170221,KRJF,0.498,2576
20170221,KSB,0.58,2546
20170221,KSLB,0.387,7260
20170221,KST,0.176,7707
20170221,KSYG,0.918,7395
20170221,KTE,0.653,4829
20170221,KTM,0.844,3712
20170221,KTW,0.077,7476
20170221,KTYT,0.13,4424
20170221,KUL,0.554,2804
20170221,KUQ,0.363,695
20170221,KUYQ,0.776,2843
20170221,KUZP,0.75,4877
20170221,KWDV,0.204,3194
20170221,KWTV,0.585,2736
20170221,KXGF,0.986,338
20170221,KXTH,0.05,330
20170221,KXUC,0.398,5767
20170221,KYM,0.84,54
20170221,KYP9,0.447,5948
20170221,KZJ4,0.304,3898
20170221,KZL,0.086,4977
20170221,KZLP,0.882,7297
20170221,LAAU,0.504,1715
20170221,LAE,0.809,4302
20170221,LAI,0.373,1545
20170221,LAM,0.92,1151
20170221,LASC,0.2,509
20170221,LBBE,0.864,5890
20170221,LBH8,0.186,2506
20170221,LBMU,0.027,1945
20170221,LBQR,0.501,4669
20170221,LBU3,0.304,855
20170221,LCLL,0.756,3790
20170221,LCMN,0.129,1269
20170221,LCT2,0.053,18
20170221,LDB,0.357,5556
20170221,LDQ5,0.055,6183
20170221,LEH,0.164,5332
20170221,LEQS,0.663,4223
20170221,LEXR,0.368,6288
20170221,LFF3,0.735,4492
20170221,LFPK,0.506,249
20170221,LFU,0.216,5713
20170221,LFU0,0.169,3396
20170221,LGA1,0.113,85
20170221,LGNV,0.432,6038
20170221,LHIW,0.446,2913
20170221,LHL5,0.698,3994
20170221,LHTK,0.071,2282
20170221,LIO,0.301,1103
20170221,LIY9,0.921,5626
20170221,LJG4,0.994,5456
20170221,LJK,0.597,7201
20170221,LJQT,0.635,1302
20170221,LKJM,0.426,5579
20170221,LKKT,0.307,727
20170221,LKNT,0.434,604
20170221,LKOL,0.674,1227
20170221,LKP,0.378,4894
20170221,LLHY,0.937,8269
20170221,LLOT,0.183,7771
20170221,LMK9,0.344,6360
20170221,LMS,0.476,2139
20170221,LMXX,0.534,8791
20170221,LNF9,0.822,45
20170221,LNG,0.88,20
20170221,LNK,0.149,1634
20170221,LOD,0.496,433
20170221,LONO,0.774,3240
20170221,LOTE,0.436,2020
20170221,LOUB,0.432,4428
20170221,LOW6,0.238,4086
20170221,LOYW,0.263,49
20170221,LPFB,0.16,3534
20170221,LPI1,0.701,3191
20170221,LPIY,0.461,2546
20170221,LPO,0.915,4715
20170221,LPVR,0.145,6153
20170221,LPWP,0.053,2161
20170221,LQL7,0.357,4176
20170221,LQN,0.246,393
20170221,LQUD,0.546,7156
20170221,LQUG,0.364,3685
20170221,LRBS,0.183,7068
20170221,LRBV,0.453,671
20170221,LREI,0.548,5077
20170221,LRKR,0.93,5786
20170221,LRMU,0.925,4601
20170221,LRPU,0.119,8127
20170221,LRU,0.765,20
20170221,LRZ,0.18,4117
20170221,LRZD,0.662,8871
20170221,LSI5,0.687,90
20170221,LSL7,0.635,5266
20170221,LSZ,0.419,7766
20170221,LTF2,0.327,5689
20170221,LTRJ,0.665,2786
20170221,LTUT,0.729,3374
20170221,LUF0,0.32,6955
20170221,LUF5,0.84,2668
20170221,LUG,0.244,2436
20170221,LVF2,0.462,5493
20170221,LVL,0.879,5263
20170221,LVR2,0.977,8448
20170221,LVS,0.503,6304
20170221,LVTQ,0.159,8485
20170221,LVV3,0.245,2214
20170221,LVXE,0.841,7490
20170221,LVZY,0.445,5863
20170221,LWCS,0.846,6209
20170221,LWEZ,0.28,2458
20170221,LWK9,0.673,4227
20170221,LWV0,0.884,8394
20170221,LXV7,0.133,3808
20170221,LYKF,0.599,4036
20170221,LYLG,0.521,917
20170221,LYN,0.871,6006
20170221,LYS4,0.863,6531
20170221,LZX4,0.923,2365
20170221,LZZ5,0.354,3259
20170221,MAL8,0.532,3294
20170221,MAZ9,0.411,8887
20170221,MCDO,0.188,3809
20170221,MCJM,0.709,1045
20170221,MCKS,0.817,3434
20170221,MCR3,0.936,677
20170221,MCV,0.704,7109
20170221,MCYI,0.402,8050
20170221,MDBU,0.995,3206
20170221,MDJD,0.838,252
20170221,MDR7,0.742,4144
20170221,MDWG,0.61,1063
20170221,MDYV,0.959,8246
20170221,MEA5,0.75,4264
20170221,MEC,0.601,5942
20170221,MECQ,0.465,6635
20170221,METH,0.069,4845
20170221,MEV,0.77,1975
20170221,MEW5,0.466,6873
20170221,MEZ5,0.926,3812
20170221,MFBN,0.606,2253
20170221,MFJ,0.748,2857
20170221,MFY,0.78,1099
20170221,MGM,0.517,6314
20170221,MGR,0.787,4204
20170221,MHN,0.964,4428
20170221,MHST,0.296,5308
20170221,MIBT,0.478,1851
20170221,MISH,0.927,7924
20170221,MIV9,0.526,1487
20170221,MJD2,0.364,502
20170221,MJJD,0.92,2974
20170221,MJQL,0.195,4006
20170221,MJSI,0.628,7348
20170221,MJTT,0.525,2768
20170221,MKBP,0.262,1629
20170221,MKJG,0.421,2560
20170221,MKOP,0.298,4722
20170221,MKS2,0.425,7838
20170221,MKVG,0.886,1450
20170221,MLD0,0.451,6631
20170221,MLIR,0.868,6850
20170221,MMEE,0.49,1744
20170221,MNDI,0.735,6271
20170221,MNEL,0.613,4209
20170221,MNGC,0.307,7238
20170221,MNN6,0.782,1580
20170221,MNUT,0.401,6527
20170221,MOGM,0.004,1141
20170221,MOJL,0.348,1650
20170221,MOTF,0.252,2382
20170221,MOVS,0.36,5166
20170221,MOXJ,0.036,3115
20170221,MPOC,0.211,1723
20170221,MPS,0.825,3847
20170221,MPX,0.119,4048
20170221,MQJ,0.58,1600
20170221,MRD,0.948,3734
20170221,MRED,0.755,5381
20170221,MRG,0.349,4554
20170221,MRN1,0.532,32
20170221,MRS3,0.822,2088
20170221,MSB7,0.175,8054
20170221,MSNS,0.872,5965
20170221,MTMV,0.808,7379
20170221,MTZL,0.26,2791
20170221,MUCL,0.273,1400
20170221,MUJ,0.194,6830
20170221,MUKU,0.504,4171
20170221,MUKY,0.133,4292
20170221,MUPO,0.694,2328
20170221,MUT,0.902,619
20170221,MVCX,0.805,2805
20170221,MVN5,0.922,4760
20170221,MVP,0.875,6452
20170221,MVS9,0.997,4991
20170221,MVU,0.638,4616
20170221,MWBO,0.387,927
20170221,MWFH,0.883,2454
20170221,MWR,0.957,2684
20170221,MWT3,0.668,4937
20170221,MWXO,0.364,2394
20170221,MXDV,0.439,8601
20170221,MXJD,0.123,1349
20170221,MXLZ,0.332,8820
20170221,MXN8,0.734,5635
20170221,MXWW,0.905,6239
20170221,MYFT,0.927,7645
20170221,MYOQ,0.121,2386
20170221,MYX,0.397,637
20170221,MZJ5,0.408,1319
20170221,MZO,0.16,6043
20170221,MZOP,0.862,7411
20170221,MZT,0.282,7675
20170221,MZTY,0.582,6212
20170221,NAL,0.815,1011
20170221,NARB,0.762,5588
20170221,NAXI,0.325,3715
20170221,NBB,0.136,5566
20170221,NBFB,0.876,4379
20170221,NBG3,0.928,838
20170221,NBU1,0.292,594
20170221,NCL,0.101,2366
20170221,NCO,0.516,3993
20170221,NDG1,0.534,1162
20170221,NDLD,0.58,1795
20170221,NEB,0.831,6958
20170221,NED2,0.534,6610
20170221,NEG5,0.159,542
20170221,NEHS,0.72,4777
20170221,NEK7,0.398,4900
20170221,NEWH,0.855,4969
20170221,NFC,0.096,5142
20170221,NFHO,0.405,5464
20170221,NFJB,0.659,2821
20170221,NFT,0.472,982
20170221,NFVK,0.814,7381
20170221,NFX,0.708,2344
20170221,NGCA,0.98,7661
20170221,NGLW,0.012,4532
20170221,NGR,0.381,6810
20170221,NGRQ,0.767,4400
20170221,NGU,0.293,2206
20170221,NHQ,0.553,5166
20170221,NIT,0.245,2901
20170221,NIUU,0.102,7441
20170221,NJHO,0.293,4529
20170221,NJIJ,0.368,4126
20170221,NJK6,0.289,5743
20170221,NJN,0.276,1972
20170221,NJUH,0.322,5494
20170221,NKE,0.649,1972
20170221,NKWU,0.814,6277
20170221,NLLT,0.907,2405
20170221,NLW,0.675,1430
20170221,NLYZ,0.468,456
20170221,NMM9,0.285,3270
20170221,NMR0,0.322,3592
20170221,NMY4,0.8,5091
20170221,NNF,0.245,3196
20170221,NNH5,0.501,822
20170221,NNIN,0.972,6686
20170221,NNS,0.897,494
20170221,NNTG,0.721,3581
20170221,NNU,0.211,3546
20170221,NOA,0.586,780
20170221,NOM6,0.127,2214
20170221,NOPN,0.187,6310
20170221,NOUC,0.782,8397
20170221,NOWC,0.693,486
20170221,NOWU,0.195,8369
20170221,NOZP,0.256,4717
20170221,NPEU,0.664,1923
20170221,NPHV,0.527,5440
20170221,NQCE,0.204,861
20170221,NQH,0.81,956
20170221,NQHV,0.624,6176
20170221,NQKI,0.481,4141
20170221,NQSM,0.944,925
20170221,NQY4,0.05,1384
20170221,NRHU,0.105,577
20170221,NRPB,0.865,7754
20170221,NSKF,0.058,790
20170221,NSOE,0.788,4511
20170221,NSPZ,0.998,3430
20170221,NSS8,0.915,3530
20170221,NSTK,0.371,4447
20170221,NSTW,0.67,740
20170221,NSYV,0.867,4488
20170221,NSZ,0.263,3879
20170221,NTG,0.037,6397
20170221,NTJC,0.744,1441
20170221,NTM,0.12,1858
20170221,NTYD,0.079,7757
20170221,NULY,0.307,6493
20170221,NVFT,0.154,8117
20170221,NVR,0.864,2701
20170221,NWB6,0.555,4605
20170221,NWSS,0.064,6214
20170221,NWX,0.027,593
20170221,NWXA,0.875,4232
20170221,NXLW,0.713,705
20170221,NXTU,0.314,7114
20170221,NXZ,0.068,4846
20170221,NYC4,0.968,895
20170221,NYK,0.259,2587
20170221,NYN,0.464,4221
20170221,NYSB,0.269,7338
20170221,NYZ,0.029,3232
20170221,NZH,0.014,1655
20170221,NZKV,0.188,8350
20170221,NZL,0.597,8665
20170221,OACD,0.363,1212
20170221,OAGV,0.926,7003
20170221,OAJ,0.537,4163
20170221,OAXK,0.377,3492
20170221,OBMM,0.177,5322
20170221,OBNK,0.209,5798
20170221,OBR,0.387,2793
20170221,OBU0,0.809,3322
20170221,OBV8,0.922,446
20170221,OCFY,0.058,453
20170221,OCGR,0.331,4516
20170221,OCQA,0.357,2171
20170221,ODAV,0.173,1812
20170221,ODDY,0.396,2673
20170221,ODG3,0.634,6095
20170221,ODKU,0.168,1689
20170221,ODSJ,0.775,6766
20170221,ODU3,0.62,5108
20170221,OEEN,0.485,2577
20170221,OEFA,0.371,4628
20170221,OEL4,0.461,4046
20170221,OEOM,0.43,1620
20170221,OER0,0.035,2765
20170221,OEV,0.434,8036
20170221,OEVI,0.918,8130
20170221,OFL8,0.067,3480
20170221,OFNE,0.181,2816
20170221,OFZM,0.886,7224
20170221,OGCN,0.123,1113
20170221,OGD9,0.009,4751
20170221,OGDD,0.241,208
20170221,OGGE,0.875,3536
20170221,OGK9,0.041,1320
20170221,OGKY,0.193,7603
20170221,OGQ,0.656,4040
20170221,OGU,0.799,2509
20170221,OHB1,0.267,5280
20170221,OHFN,0.743,5528
20170221,OHYG,0.178,3751
20170221,OIBK,0.325,6768
20170221,OIFC,0.349,2328
20170221,OIH2,0.729,4744
20170221,OIKE,0.881,887
20170221,OIYW,0.505,2981
20170221,OJDK,0.836,4714
20170221,OKAQ,0.176,2113
20170221,OKC,0.782,455
20170221,OKCX,0.523,5710
20170221,OKF,0.966,2490
20170221,OKM,0.755,6799
20170221,OKNI,0.884,239
20170221,OKXL,0.402,5187
20170221,OLDR,0.637,6530
20170221,OLKI,0.299,1608
20170221,OLLN,0.995,6439
20170221,OMCF,0.811,1260
20170221,OMCO,0.242,542
20170221,OMYR,0.577,8777
20170221,ONIL,0.277,751
20170221,ONVU,0.065,3084
20170221,ONW0,0.828,7732
20170221,ONX0,0.011,5907
20170221,OON,0.786,821
20170221,OOSR,0.186,7896
20170221,OPA,0.373,3677
20170221,OPMI,0.63,6996
20170221,OPNT,0.136,6788
20170221,OPPU,0.733,298
20170221,OQE,0.949,4962
20170221,OQGN,0.619,2432
20170221,OQND,0.269,7263
20170221,OQV5,0.241,759
20170221,ORD2,0.715,2837
20170221,ORDC,0.113,2167
20170221,ORGX,0.452,3981
20170221,ORL,0.282,6699
20170221,ORS0,0.818,7740
20170221,ORTC,0.095,4423
20170221,ORV,0.717,1370
20170221,OSGB,0.977,4461
20170221,OSVW,0.479,3729
20170221,OTEW,0.597,5597
20170221,OTQ,0.953,5003
20170221,OUKS,0.454,4942
20170221,OUU6,0.663,6719
20170221,OUZ5,0.713,5141
20170221,OVF6,0.669,4184
20170221,OVOF,0.962,1561
20170221,OVS5,0.283,4705
20170221,OVW,0.443,7058
20170221,OWF,0.412,7524
20170221,OWN,0.598,4672
20170221,OWQ,0.831,6876
20170221,OWW5,0.698,4720
20170221,OXBR,0.327,3734
20170221,OXIT,0.11,2234
20170221,OXP3,0.444,158
20170221,OXQ,0.573,7815
20170221,OYC6,0.918,2326
20170221,OYCT,0.765,3661
20170221,OYGF,0.469,1721
20170221,OYHO,0.349,2109
20170221,OYN,0.3,7581
20170221,OYZ5,0.346,4244
20170221,OZDF,0.307,8119
20170221,OZEZ,0.944,1096
20170221,OZHX,0.485,6040
20170221,OZJ,0.499,3220
20170221,OZL1,0.498,5960
20170221,OZLC,0.002,2490
20170221,OZM,0.344,4385
20170221,OZR,0.864,4686
20170221,OZT1,0.078,3403
20170221,OZZ,0.229,6632
20170221,PAEA,0.025,7611
20170221,PAK,0.694,761
20170221,PASN,0.595,8118
20170221,PBAO,0.218,4215
20170221,PBAV,0.778,497
20170221,PBC7,0.367,3100
20170221,PBFM,0.509,4057
20170221,PBN6,0.796,358
20170221,PCJ,0.704,7719
20170221,PCZ,0.515,2911
20170221,PDH0,0.225,4683
20170221,PDOH,0.528,5795
20170221,PDSS,0.334,1058
20170221,PDT,0.773,1148
20170221,PEDM,0.944,5622
20170221,PEL3,0.82,6631
20170221,PEMG,0.694,6217
20170221,PERD,0.888,5069
20170221,PEW4,0.617,7775
20170221,PEXJ,0.708,7955
20170221,PFBK,0.186,2560
20170221,PFO,0.52,1525
20170221,PFRW,0.772,8325
20170221,PFUQ,0.741,1508
20170221,PGFQ,0.017,7474
20170221,PGKN,0.654,3500
20170221,PGM8,0.11,7487
20170221,PGTQ,0.158,3052
20170221,PGU1,0.21,100
20170221,PGV7,0.103,8002
20170221,PHD2,0.746,4602
20170221,PHDJ,0.008,1320
20170221,PHJ,0.936,5719
20170221,PHKM,0.617,3266
20170221,PHO,0.374,7361
20170221,PHQD,0.337,247
20170221,PHR,0.403,3570
20170221,PHR6,0.272,5587
20170221,PHT,0.226,6803
20170221,PIC9,0.755,146
20170221,PIJ,0.187,5498
20170221,PIN7,0.117,7296
20170221,PIW7,0.827,3276
20170221,PIWC,0.128,7872
20170221,PIXQ,0.15,6801
20170221,PJA,0.71,253
20170221,PJC2,0.688,1822
20170221,PJS1,0.21,4486
20170221,PJTC,0.603,6860
20170221,PJTN,0.403,5925
20170221,PJU,0.238,681
20170221,PKEL,0.068,2089
20170221,PKJQ,0.724,655
20170221,PLHW,0.703,1305
20170221,PLK8,0.435,7689
20170221,PLO4,0.39,904
20170221,PLS0,0.816,3899
20170221,PLT,0.481,7903
20170221,PLYS,0.683,6055
20170221,PMA1,0.956,1208
20170221,PMHU,0.276,1899
20170221,PMJJ,0.106,7081
20170221,PMM,0.872,2602
20170221,PMPG,0.087,4419
20170221,PMUF,0.465,5521
20170221,PMVC,0.158,7374
20170221,PMX,0.848,576
20170221,PMZ,0.786,7708
20170221,PNIS,0.87,3025
20170221,PNKY,0.434,7723
20170221,PNLB,0.105,6544
20170221,PNP4,0.074,2369
20170221,PNY,0.689,5567
20170221,POA6,0.059,3571
20170221,PPEQ,0.563,2443
20170221,PPP,0.237,2847
20170221,PQG7,0.745,4800
20170221,PQM,0.462,263
20170221,PQN,0.098,2007
20170221,PQVO,0.616,6381
20170221,PQVS,0.763,6030
20170221,PQWN,0.592,275
20170221,PQY4,0.536,2561
20170221,PRCM,0.797,3650
20170221,PREZ,0.218,4692
20170221,PRFN,0.031,3846
20170221,PRUA,0.156,2029
20170221,PSC8,0.414,902
20170221,PSG,0.962,1292
20170221,PSMN,0.45,7670
20170221,PSO0,0.138,2110
20170221,PSPO,0.621,1372
20170221,PSV4,0.559,1128
20170221,PSZ1,0.052,2092
20170221,PSZP,0.908,4993
20170221,PTE0,0.225,1497
20170221,PTOR,0.71,372
20170221,PTP,0.09,3456
20170221,PUR,0.104,597
20170221,PUTI,0.381,228
20170221,PVA,0.673,528
20170221,PVIM,0.73,2582
20170221,PWIN,0.869,7255
20170221,PWPL,0.101,7332
20170221,PWQ1,0.01,3511
20170221,PXET,0.716,558
20170221,PXK2,0.121,6461
20170221,PXMC,0.236,2333
20170221,PXP3,0.764,5536
20170221,PYB,0.205,4025
20170221,PYBA,0.225,3513
20170221,PYH,0.244,6290
20170221,PYI1,0.698,3337
20170221,PYJ,0.141,8284
20170221,PYKF,0.064,5967
20170221,PYM,0.919,2018
20170221,PYYK,0.69,8802
20170221,PZGN,0.496,4601
20170221,PZOM,0.748,2775
20170221,PZS,0.802,6413
20170221,QAE0,0.325,6683
20170221,QAI,0.304,3390
20170221,QAK,0.934,3553
20170221,QAT8,0.221,2185
20170221,QAVN,0.672,6287
20170221,QBEQ,0.857,2005
20170221,QBJ,0.247,6056
20170221,QBM0,0.078,1419
20170221,QBPL,0.449,2672
20170221,QBV3,0.09,1635
20170221,QBZS,0.349,6181
20170221,QCDA,0.837,3841
20170221,QCFB,0.792,3724
20170221,QCHW,0.563,7450
20170221,QCNF,0.359,1792
20170221,QCUP,0.262,540
20170221,QEF,0.19,3411
20170221,QEP,0.183,6888
20170221,QEZR,0.356,5169
20170221,QFVB,0.681,8142
20170221,QFW,0.71,3948
20170221,QGK2,0.688,1494
20170221,QHDE,0.422,6182
20170221,QHGF,0.1,1240
20170221,QHT,0.203,4055
20170221,QHTI,0.727,1417
20170221,QICM,0.062,4592
20170221,QIX2,0.918,8582
20170221,QKB7,0.305,1377
20170221,QKMF,0.566,5590
20170221,QKUD,0.163,4470
20170221,QKYH,0.371,8301
20170221,QLC,0.585,1508
20170221,QLJS,0.505,2065
20170221,QLLB,0.677,3126
20170221,QLND,0.225,6511
20170221,QLY,0.568,6268
20170221,QLZR,0.821,638
20170221,QMB,0.779,4813
20170221,QMCH,0.015,6139
20170221,QMSR,0.557,278
20170221,QMVQ,0.93,5110
20170221,QMZ3,0.743,8208
20170221,QMZK,0.61,8391
20170221,QNA,0.393,3960
20170221,QNAK,0.119,5981
20170221,QNC,0.347,232
20170221,QNDZ,0.239,8978
20170221,QNEI,0.948,2112
20170221,QNK,0.248,5769
20170221,QODH,0.405,162
20170221,QOE3,0.473,6002
20170221,QOGF,0.074,4630
20170221,QON,0.698,5700
20170221,QOO5,0.68,3162
20170221,QOS,0.134,1798
20170221,QPDL,0.595,7135
20170221,QPH,0.368,3750
20170221,QPHB,0.365,6389
20170221,QPM,0.935,531
20170221,QPN,0.61,2446
20170221,QQJP,0.441,216
20170221,QQK2,0.107,2437
20170221,QQOK,0.35,7315
20170221,QQSO,0.724,4805
20170221,QQWW,0.92,6839
20170221,QRA7,0.027,147
20170221,QRJ,0.952,2419
20170221,QRN,0.564,1909
20170221,QRT9,0.734,449
20170221,QSH,0.247,1827
20170221,QSJM,0.633,6628
20170221,QSN2,0.792,2004
20170221,QSUX,0.833,3365
20170221,QSXS,0.569,385
20170221,QSZH,0.652,2023
20170221,QTGQ,0.676,3188
20170221,QTSZ,0.149,8774
20170221,QTT,0.034,7299
20170221,QTTM,0.097,1187
20170221,QTXV,0.295,5050
20170221,QUD,0.922,4697
20170221,QUMD,0.917,1963
20170221,QUXM,0.777,7601
20170221,QVB,0.627,7312
20170221,QVU,0.82,1096
20170221,QWA5,0.756,3254
20170221,QWBX,0.074,6834
20170221,QWHT,0.398,6854
20170221,QWRE,0.757,3835
20170221,QXDA,0.587,4530
20170221,QXG9,0.065,7375
20170221,QXM,0.002,924
20170221,QXP4,0.874,4470
20170221,QXZT,0.743,5411
20170221,QYAO,0.146,6867
20170221,QYCQ,0.866,3957
20170221,QYE,0.38,7498
20170221,QYV3,0.272,3374
20170221,QZL3,0.989,6208
20170221,QZN5,0.959,4325
20170221,QZOF,0.54,730
20170221,RAO,0.949,7314
20170221,RBB8,0.819,155
20170221,RBF,0.706,7304
20170221,RBK,0.311,1545
20170221,RBK7,0.505,6069
20170221,RBKA,0.614,2170
20170221,RBMW,0.382,8008
20170221,RBWY,0.152,6927
20170221,RCCO,0.097,981
20170221,RCK,0.677,8084
20170221,RCSM,0.77,4761
20170221,RDT0,0.241,514
20170221,RDTF,0.114,4005
20170221,RDV3,0.603,5599
20170221,REG,0.429,7193
20170221,RELR,0.09,4233
20170221,REM2,0.958,1424
20170221,REW0,0.94,3650
20170221,REXP,0.049,2526
20170221,RFAM,0.095,2564
20170221,RFDV,0.848,30
20170221,RFRQ,0.28,7085
20170221,RGJ7,0.628,3217
20170221,RGOM,0.484,7129
20170221,RGXB,0.544,945
20170221,RHUU,0.577,7335
20170221,RHUV,0.338,3025
20170221,RHW2,0.352,5785
20170221,RIH,0.504,4664
20170221,RIT,0.029,5989
20170221,RIV,0.161,8553
20170221,RIW9,0.901,2052
20170221,RJGP,0.68,3072
20170221,RJLA,0.838,4087
20170221,RJO5,0.656,2913
20170221,RJOO,0.88,4291
20170221,RJU,0.208,5473
20170221,RKJ8,0.507,2738
20170221,RKM,0.351,6122
20170221,RKSV,0.606,5320
20170221,RKV8,0.011,2889
20170221,RLAG,0.56,6907
20170221,RLJ3,0.289,6132
20170221,RLO3,0.081,8156
20170221,RLT,0.106,7211
20170221,RME4,0.079,7284
20170221,RMGU,0.501,8126
20170221,RMSI,0.266,1827
20170221,RNF,0.425,2648
20170221,RNSO,0.508,4081
20170221,RNU9,0.808,5537
20170221,ROP8,0.753,7870
20170221,RPJ3,0.728,90
20170221,RPU8,0.895,2571
20170221,RPYP,0.274,133
20170221,RPZY,0.242,3312
20170221,RQL,0.621,3480
20170221,RQRS,0.336,1316
20170221,RQUQ,0.323,793
20170221,RQX,0.357,408
20170221,RQYI,0.004,4536
20170221,RQZ9,0.265,4599
20170221,RRGR,0.844,5920
20170221,RRM0,0.09,1879
20170221,RRM9,0.371,525
20170221,RRQ,0.045,6094
20170221,RRTF,0.832,8191
20170221,RRWR,0.799,6349
20170221,RSAF,0.81,3165
20170221,RSAX,0.462,4561
20170221,RSDC,0.772,3028
20170221,RSQ0,0.775,8178
20170221,RSU,0.877,6934
20170221,RTNS,0.792,7219
20170221,RTR0,0.487,3436
20170221,RUBZ,0.702,5573
20170221,RUD,0.071,8369
20170221,RUQA,0.606,8354
20170221,RUUN,0.194,6085
20170221,RUXH,0.766,5934
20170221,RUY,0.204,1453
20170221,RVG,0.904,3408
20170221,RWET,0.364,5734
20170221,RWG9,0.577,8511
20170221,RWWI,0.676,5877
20170221,RXPZ,0.198,8658
20170221,RYB,0.185,6051
20170221,RYEW,0.336,5562
20170221,RYJ,0.494,103
20170221,RYPR,0.868,6847
20170221,RYQJ,0.817,3979
20170221,RYW1,0.39,7365
20170221,RZDC,0.183,3891
20170221,RZIM,0.211,4513
20170221,SAPG,0.973,7974
20170221,SBC1,0.03,3565
20170221,SBD2,0.639,2416
20170221,SBG,0.004,5066
20170221,SBI1,0.752,4781
20170221,SBM1,0.536,7041
20170221,SBZB,0.977,8760
20170221,SCZP,0.661,4783
20170221,SDWU,0.226,8373
20170221,SDYP,0.386,2524
20170221,SDZQ,0.843,838
20170221,SEX,0.339,6433
20170221,SEZ,0.277,8152
20170221,SFQ2,0.555,2717
20170221,SFSE,0.118,7275
20170221,SFVL,0.474,1033
20170221,SGF8,0.551,4221
20170221,SHC,0.12,3582
20170221,SHCZ,0.25,1904
20170221,SHW2,0.062,7227
20170221,SJOM,0.041,7724
20170221,SKDP,0.743,6446
20170221,SKES,0.256,1854
20170221,SKQC,0.679,7896
20170221,SKU,0.306,6597
20170221,SLHA,0.19,3714
20170221,SLR,0.976,6467
20170221,SLS,0.029,2955
20170221,SLVB,0.914,1534
20170221,SMC6,0.736,857
20170221,SNDD,0.163,152
20170221,SNJT,0.392,7560
20170221,SNWK,0.787,8476
20170221,SOFP,0.864,7350
20170221,SOFR,0.463,3284
20170221,SOGJ,0.435,1270
20170221,SOI,0.688,7932
20170221,SONO,0.982,4438
20170221,SOV,0.629,2082
20170221,SPBE,0.009,658
20170221,SPFM,0.444,4606
20170221,SPGO,0.949,3445
20170221,SPO,0.038,3906
20170221,SPUI,0.122,846
20170221,SPWV,0.459,3164
20170221,SQJ2,0.699,5113
20170221,SQPR,0.148,7381
20170221,SRA1,0.056,2506
20170221,SRC4,0.288,1664
20170221,SRM,0.592,6807
20170221,SRS,0.233,3595
20170221,STE,0.177,822
20170221,STKU,0.63,5574
20170221,STO,0.777,2831
20170221,STO3,0.949,7051
20170221,STPZ,0.952,7051
20170221,STX6,0.534,4791
20170221,STY2,0.095,6622
20170221,SUB,0.401,7176
20170221,SUC1,0.586,1926
20170221,SUE2,0.134,1205
20170221,SUGN,0.141,4621
20170221,SULI,0.26,4632
20170221,SUO,0.275,650
20170221,SUU6,0.564,910
20170221,SUY2,0.841,7125
20170221,SUZ3,0.709,5233
20170221,SVK,0.037,8303
20170221,SVPN,0.555,6513
20170221,SVX,0.223,905
20170221,SWB,0.505,7248
20170221,SWEP,0.344,6378
20170221,SWT7,0.299,3739
20170221,SWXR,0.842,518
20170221,SWY,0.939,5536
20170221,SWZK,0.89,7331
20170221,SXGO,0.493,5295
20170221,SXM1,0.632,6055
20170221,SXMX,0.162,8777
20170221,SXQE,0.951,6561
20170221,SXYR,0.004,4029
20170221,SYM,0.957,3678
20170221,SYMG,0.957,1943
20170221,SYTS,0.567,3959
20170221,SZM,0.531,5935
20170221,SZVP,0.195,8673
20170221,TAEE,0.6,7916
20170221,TAKZ,0.176,1707
20170221,TAOD,0.799,6015
20170221,TBCP,0.547,2813
20170221,TBO,0.923,3074
20170221,TBS0,0.256,2822
20170221,TBT2,0.458,6839
20170221,TBZ,0.66,5063
20170221,TDD,0.881,4073
20170221,TDD8,0.245,6243
20170221,TDH2,0.64,5825
20170221,TDW0,0.073,7828
20170221,TEK,0.228,5818
20170221,TENT,0.167,3279
20170221,TFBA,0.789,5206
20170221,TFS5,0.587,2343
20170221,TFZ,0.405,5471
20170221,TGA,0.593,1310
20170221,TGD2,0.911,2966
20170221,TGNK,0.054,6792
20170221,TGRF,0.671,6051
20170221,TGSQ,0.313,1080
20170221,THBA,0.797,531
20170221,THM,0.855,4788
20170221,THO,0.127,7241
20170221,THO8,0.354,1607
20170221,THRU,0.939,5337
20170221,THUF,0.1,5611
20170221,THUG,0.509,6708
20170221,THY2,0.157,5060
20170221,TIP9,0.134,6770
20170221,TIVU,0.728,1488
20170221,TIX,0.869,7988
20170221,TIYN,0.601,4770
20170221,TJBC,0.978,5943
20170221,TJNY,0.524,7121
20170221,TJU5,0.677,3234
20170221,TKK,0.226,7444
20170221,TKPH,0.047,3009
20170221,TKR3,0.713,367
20170221,TKVX,0.514,3535
20170221,TLBM,0.65,6381
20170221,TLD,0.149,5900
20170221,TLE0,0.718,2444
20170221,TLQ9,0.546,7816
20170221,TLSQ,0.331,6737
20170221,TLV,0.085,214
20170221,TMCG,0.017,7996
20170221,TMWU,0.038,1383
20170221,TMWW,0.354,7783
20170221,TMY4,0.444,8118
20170221,TMZ8,0.955,3647
20170221,TOAR,0.556,3231
20170221,TOF9,0.219,5017
20170221,TOMW,0.41,3917
20170221,TOOK,0.126,7387
20170221,TOR9,0.4,8255
20170221,TOS,0.113,2548
20170221,TOTV,0.493,8110
20170221,TOU7,0.28,3169
20170221,TOX,0.758,5062
20170221,TPJ,0.015,7128
20170221,TPKT,0.902,272
20170221,TPYK,0.071,8358
20170221,TPYU,0.811,8099
20170221,TQPT,0.807,7101
20170221,TQV,0.4,5977
20170221,TQXA,0.124,5153
20170221,TQXB,0.931,4504
20170221,TQY,0.677,7035
20170221,TRDS,0.624,6292
20170221,TRT1,0.037,6534
20170221,TRV4,0.701,5386
20170221,TRYY,0.328,2219
20170221,TSDR,0.289,772
20170221,TSF6,0.054,3444
20170221,TTBI,0.815,7620
20170221,TTFH,0.349,7135
20170221,TTO6,0.956,3519
20170221,TTRI,0.783,5749
20170221,TTV0,0.241,4419
20170221,TTZ1,0.254,2044
20170221,TURG,0.013,5300
20170221,TVL3,0.88,5635
20170221,TVU,0.726,3098
20170221,TVZE,0.19,8526
20170221,TWB0,0.767,5847
20170221,TWG,0.949,429
20170221,TWGG,0.449,6661
20170221,TWV3,0.054,7062
20170221,TXO8,0.124,4528
20170221,TXRH,0.324,8044
20170221,TYAS,0.039,3965
20170221,TYL,0.924,7259
20170221,TYL7,0.349,141
20170221,TYM6,0.878,7177
20170221,TZSA,0.898,4257
20170221,UAJJ,0.083,1746
20170221,UAT,0.934,5827
20170221,UAXT,0.956,4126
20170221,UBG7,0.507,7227
20170221,UBGZ,0.661,8595
20170221,UBL2,0.953,6766
20170221,UBWG,0.983,3362
20170221,UCB,0.953,767
20170221,UCHP,0.799,1932
20170221,UCVK,0.797,2654
20170221,UDEE,0.328,8188
20170221,UDG1,0.485,437
20170221,UDM,0.448,5058
20170221,UEA6,0.775,601
20170221,UENB,0.463,8241
20170221,UEOL,0.794,4018
20170221,UEP1,0.325,6304
20170221,UER,0.472,7870
20170221,UEYL,0.755,3254
20170221,UFEB,0.568,1712
20170221,UFM3,0.113,716
20170221,UFOY,0.774,6406
20170221,UFQJ,0.651,3160
20170221,UFT6,0.115,6705
20170221,UGD,0.151,6961
20170221,UGFV,0.573,4109
20170221,UGIW,0.343,369
20170221,UGIX,0.716,672
20170221,UGK,0.945,7686
20170221,UGSP,0.673,740
20170221,UGU,0.759,6502
20170221,UHHD,0.073,5187
20170221,UHML,0.487,2662
20170221,UHU7,0.537,5607
20170221,UHYN,0.986,40
20170221,UIDR,0.518,6946
20170221,UIIB,0.468,4148
20170221,UIJC,0.465,3225
20170221,UILH,0.289,1650
20170221,UIUH,0.597,3507
20170221,UJIR,0.838,4348
20170221,UJP,0.573,3987
20170221,UJRA,0.876,2734
20170221,UJYF,0.214,142
20170221,UKC,0.482,6250
20170221,UKCS,0.71,7591
20170221,UKQ4,0.451,7278
20170221,ULGI,0.625,1868
20170221,ULS,0.99,5678
20170221,UMFY,0.551,367
20170221,UMMJ,0.496,35
20170221,UNA1,0.178,610
20170221,UND8,0.641,3493
20170221,UNI9,0.135,6446
20170221,UNL4,0.369,7429
20170221,UNP,0.45,7603
20170221,UOA,0.585,237
20170221,UOAI,0.033,5843
20170221,UOC,0.817,4725
20170221,UOPD,0.923,8289
20170221,UPKW,0.029,1479
20170221,UPL,0.776,6793
20170221,UPM1,0.117,287
20170221,UPOK,0.963,3085
20170221,UPQM,0.726,8042
20170221,UPTM,0.137,6137
20170221,UPY8,0.123,3502
20170221,UQFT,0.587,5129
20170221,UQSZ,0.914,1989
20170221,UQZA,0.328,8256
20170221,URB,0.948,7684
20170221,URBX,0.477,1432
20170221,URLE,0.378,1536
20170221,UROT,0.891,5350
20170221,URQ8,0.603,5053
20170221,URVF,0.911,8134
20170221,USXU,0.621,1315
20170221,USYB,0.165,4420
20170221,USZ7,0.293,2411
20170221,UTJS,0.535,277
20170221,UTQJ,0.9,5575
20170221,UUD,0.573,288
20170221,UUEF,0.221,658
20170221,UUQ,0.285,280
20170221,UUVX,0.294,7955
20170221,UUXJ,0.214,4775
20170221,UVB,0.233,1672
20170221,UVFC,0.981,6867
20170221,UVQ,0.026,5510
20170221,UVUB,0.944,7964
20170221,UVWF,0.195,7580
20170221,UWA,0.4,3561
20170221,UWSE,0.937,2463
20170221,UWVC,0.022,4850
20170221,UXEK,0.977,3639
20170221,UXK,0.493,7917
20170221,UXQC,0.074,7599
20170221,UXSU,0.614,1877
20170221,UYA,0.918,8068
20170221,UYF,0.563,5524
20170221,UYI8,0.413,1998
20170221,UYM,0.615,3078
20170221,UYOI,0.882,4614
20170221,UYTB,0.329,890
20170221,UYU4,0.786,1057
20170221,UYXR,0.119,1685
20170221,UYYO,0.411,7467
20170221,UZB,0.757,5294
20170221,UZDL,0.674,3191
20170221,UZFI,0.95,7766
20170221,UZHE,0.375,8229
20170221,UZJJ,0.227,8090
20170221,UZK,0.872,7025
20170221,UZQA,0.889,737
20170221,UZRL,0.779,6997
20170221,VAAP,0.879,3014
20170221,VAB,0.656,4538
20170221,VASU,0.63,436
20170221,VAXR,0.816,3142
20170221,VBAC,0.041,967
20170221,VBC,0.082,7865
20170221,VBDO,0.157,5868
20170221,VBI,0.149,4947
20170221,VBV5,0.357,4388
20170221,VCD,0.116,249
20170221,VCI,0.873,2815
20170221,VCL2,0.912,7541
20170221,VCLV,0.49,4114
20170221,VCMC,0.705,4459
20170221,VCP4,0.925,7615
20170221,VCUF,0.142,3812
20170221,VCVG,0.742,6132
20170221,VCXV,0.967,8110
20170221,VDC,0.431,4478
20170221,VDCN,0.862,8398
20170221,VDFI,0.172,2351
20170221,VDKM,0.033,7020
20170221,VDS,0.465,1650
20170221,VDTO,0.144,2081
20170221,VDUE,0.391,4374
20170221,VEA,0.123,2889
20170221,VEDV,0.26,4046
20170221,VESR,0.435,882
20170221,VET2,0.504,345
20170221,VFP3,0.668,7844
20170221,VFTI,0.779,3642
20170221,VGER,0.864,2762
20170221,VGL3,0.606,7526
20170221,VGMB,0.373,3627
20170221,VGUE,0.795,5605
20170221,VHBD,0.499,1292
20170221,VHD2,0.952,1368
20170221,VHFA,0.178,6224
20170221,VHK8,0.188,7444
20170221,VHQ8,0.009,7992
20170221,VHSY,0.3,6894
20170221,VHTF,0.197,5928
20170221,VHTS,0.951,5564
20170221,VHU1,0.981,14
20170221,VHY5,0.48,1458
20170221,VID0,0.781,814
20170221,VIP9,0.201,2484
20170221,VJDA,0.15,3343
20170221,VJQC,0.124,7612
20170221,VJS,0.178,5283
20170221,VJTW,0.945,3000
20170221,VKB,0.373,7563
20170221,VKEY,0.709,181
20170221,VKH9,0.336,8482
20170221,VKI,0.729,2088
20170221,VKIN,0.631,6618
20170221,VKXD,0.002,7479
20170221,VKY,0.346,6999
20170221,VKY4,0.833,4449
20170221,VLH,0.77,2934
20170221,VLH0,0.062,6434
20170221,VLMH,0.42,7949
20170221,VMEY,0.44,876
20170221,VMI9,0.425,4552
20170221,VML1,0.754,1598
20170221,VMZE,0.678,7668
20170221,VNA,0.061,1939
20170221,VNH,0.465,5773
20170221,VNI8,0.13,883
20170221,VNUY,0.332,7495
20170221,VNYE,0.906,5163
20170221,VOC,0.079,1429
20170221,VOET,0.806,7826
20170221,VOL3,0.783,568
20170221,VOMB,0.064,3145
20170221,VONG,0.975,3857
20170221,VOUC,0.918,937
20170221,VPMD,0.053,2869
20170221,VQWK,0.346,2876
20170221,VRAJ,0.951,4641
20170221,VRBO,0.445,5182
20170221,VRK6,0.446,944
20170221,VRKS,0.986,2019
20170221,VRMP,0.379,5930
20170221,VRO0,0.37,7009
20170221,VSNR,0.765,2645
20170221,VSO4,0.295,6188
20170221,VSYA,0.447,3169
20170221,VTE,0.818,8197
20170221,VTR8,0.526,6905
20170221,VUB0,0.482,8227
20170221,VUC5,0.577,4674
20170221,VUFV,0.356,1048
20170221,VUM1,0.943,6171
20170221,VUS,0.081,4158
20170221,VUWG,0.933,2060
20170221,VVAV,0.033,7019
20170221,VVPG,0.926,4721
20170221,VWU,0.178,5512
20170221,VXG7,0.421,5301
20170221,VXPS,0.472,365
20170221,VXUA,0.659,4164
20170221,VXVW,0.65,3828
20170221,VXW,0.412,1096
20170221,VXY,0.337,3074
20170221,VYAE,0.399,8648
20170221,VYD,0.425,3743
20170221,VYHQ,0.615,7306
20170221,VYIF,0.386,1525
20170221,VYPC,0.39,3312
20170221,VYTL,0.021,1092
20170221,VYX,0.8,1040
20170221,VZFT,0.861,7522
20170221,VZOT,0.759,5087
20170221,VZPK,0.777,1214
20170221,VZT3,0.909,6643
20170221,WBKY,0.921,7691
20170221,WBME,0.459,7205
20170221,WBZC,0.411,2261
20170221,WBZR,0.585,5743
20170221,WCDR,0.038,6898
20170221,WCOW,0.312,2536
20170221,WCXL,0.478,4693
20170221,WDWS,0.612,6474
20170221,WDYS,0.026,685
20170221,WEBJ,0.281,3854
20170221,WEI,0.022,4827
20170221,WELJ,0.482,7713
20170221,WFAA,0.098,4585
20170221,WFMN,0.915,5532
20170221,WFSJ,0.896,6860
20170221,WGK3,0.399,8642
20170221,WGV,0.247,7685
20170221,WHCY,0.153,3935
20170221,WID6,0.354,1436
20170221,WIEJ,0.414,7007
20170221,WIU3,0.71,4062
20170221,WJK3,0.839,6918
20170221,WJT5,0.834,3057
20170221,WJXM,0.918,7386
20170221,WJZQ,0.474,3249
20170221,WKEY,0.161,1796
20170221,WKO5,0.614,1129
20170221,WKQE,0.91,344
20170221,WKZ5,0.179,4367
20170221,WLJQ,0.826,239
20170221,WLM,0.529,4560
20170221,WLR4,0.25,8404
20170221,WLSP,0.199,7103
20170221,WLX2,0.674,5237
20170221,WML,0.002,8004
20170221,WMQA,0.5,1720
20170221,WMQB,0.126,6965
20170221,WMXI,0.844,5092
20170221,WNB,0.012,7392
20170221,WNEX,0.092,3082
20170221,WNH,0.293,5294
20170221,WNS,0.181,1077
20170221,WNZU,0.902,8958
20170221,WOAH,0.988,5415
20170221,WOC,0.309,7741
20170221,WOFM,0.178,5460
20170221,WOOA,0.494,2850
20170221,WOPD,0.685,2079
20170221,WPCR,0.212,3468
20170221,WPCW,0.324,642
20170221,WPJ5,0.576,7115
20170221,WPX,0.278,2129
20170221,WQE0,0.106,1296
20170221,WQQX,0.379,4961
20170221,WQR4,0.264,2743
20170221,WQX4,0.078,7357
20170221,WQX9,0.84,5659
20170221,WRIF,0.306,5336
20170221,WRXX,0.249,4275
20170221,WSB7,0.922,1206
20170221,WSRC,0.574,1533
20170221,WSV4,0.84,3434
20170221,WTC,0.503,1350
20170221,WTDK,0.577,1734
20170221,WTW,0.733,3363
20170221,WUD,0.835,7631
20170221,WUF1,0.845,1441
20170221,WUS,0.273,6011
20170221,WUSQ,0.009,2807
20170221,WUSR,0.456,607
20170221,WUV,0.784,4286
20170221,WUVG,0.44,3488
20170221,WUVT,0.057,8392
20170221,WUWD,0.824,491
20170221,WVK0,0.931,2075
20170221,WVMG,0.293,8574
20170221,WVW9,0.353,6691
20170221,WWG5,0.227,4873
20170221,WWG6,0.992,8395
20170221,WWK,0.677,3405
20170221,WWSQ,0.959,1472
20170221,WWU7,0.3,8344
20170221,WWV9,0.388,6512
20170221,WWVU,0.655,1365
20170221,WXAB,0.11,2723
20170221,WXV8,0.972,6274
20170221,WYDO,0.933,653
20170221,WYI,0.742,4956
20170221,WYLY,0.57,3143
20170221,WYNF,0.002,807
20170221,WZJ,0.027,8480
20170221,WZK8,0.228,8221
20170221,WZQ,0.086,7175
20170221,WZRW,0.168,5655
20170221,WZSU,0.006,547
20170221,WZUT,0.897,7199
20170221,WZXI,0.187,7246
20170221,XAMH,0.244,4164
20170221,XAPS,0.525,2024
20170221,XBB,0.522,7910
20170221,XBNO,0.16,6646
20170221,XBUL,0.529,255
20170221,XCAC,0.409,5892
20170221,XCAS,0.912,1055
20170221,XCCI,0.673,8333
20170221,XCIR,0.406,2834
20170221,XCN,0.242,8737
20170221,XCPU,0.863,8251
20170221,XCUK,0.208,4970
20170221,XDL1,0.131,1146
20170221,XDW4,0.584,2338
20170221,XDYN,0.597,7599
20170221,XEFD,0.994,4875
20170221,XEK5,0.742,7005
20170221,XEQ,0.755,6745
20170221,XEXL,0.433,2259
20170221,XFDP,0.025,1317
20170221,XFNG,0.139,4014
20170221,XFT,0.813,5925
20170221,XFY,0.92,4699
20170221,XGB,0.142,4579
20170221,XGD,0.189,5388
20170221,XGJN,0.777,5691
20170221,XGLY,0.647,4204
20170221,XGPV,0.582,6148
20170221,XGV,0.313,448
20170221,XGZS,0.182,8061
20170221,XHGF,0.873,3333
20170221,XHGR,0.761,2989
20170221,XHXZ,0.879,696
20170221,XHZT,0.012,120
20170221,XIA,0.975,2945
20170221,XIAF,0.263,3688
20170221,XICP,0.108,1862
20170221,XIDT,0.763,7580
20170221,XIZ,0.279,6762
20170221,XJF3,0.621,1013
20170221,XJG,0.295,1410
20170221,XJL,0.112,3893
20170221,XJRQ,0.975,1179
20170221,XJU2,0.685,3796
20170221,XJZ,0.094,8894
20170221,XKO,0.026,2518
20170221,XKQH,0.163,7832
20170221,XKSH,0.32,1077
20170221,XKYR,0.136,5037
20170221,XLAP,0.779,7469
20170221,XLG,0.814,7580
20170221,XLZ,0.907,7558
20170221,XMI,0.543,5279
20170221,XMN0,0.865,1616
20170221,XMOL,0.844,6473
20170221,XNFR,0.343,3591
20170221,XNGX,0.963,494
20170221,XNTB,0.955,4694
20170221,XNZU,0.492,7706
20170221,XOBV,0.79,4982
20170221,XOEP,0.127,8017
20170221,XOW,0.245,381
20170221,XOZV,0.712,4896
20170221,XPJY,0.119,6760
20170221,XPP,0.146,6718
20170221,XPVJ,0.732,4505
20170221,XQIQ,0.688,4527
20170221,XRH5,0.786,5762
20170221,XRY,0.514,7892
20170221,XRZV,0.283,8007
20170221,XSD,0.153,1698
20170221,XSV7,0.195,8484
20170221,XSW,0.516,615
20170221,XSXY,0.299,1294
20170221,XTAU,0.773,8379
20170221,XTB1,0.965,6537
20170221,XTE,0.928,4659
20170221,XTL0,0.123,1444
20170221,XTS3,0.108,8736
20170221,XTTP,0.011,7109
20170221,XTW,0.087,4292
20170221,XTXV,0.281,7427
20170221,XUAN,0.935,7622
20170221,XUOZ,0.278,597
20170221,XVB0,0.852,2686
20170221,XVGA,0.192,5246
20170221,XVSW,0.5,4376
20170221,XWBR,0.883,2665
20170221,XWLI,0.529,2459
20170221,XWOM,0.216,531
20170221,XWU,0.641,2380
20170221,XXH,0.869,8686
20170221,XXK6,0.896,5247
20170221,XYHY,0.933,6169
20170221,XYW,0.35,8262
20170221,XYW7,0.701,6938
20170221,XZA,0.148,8977
20170221,XZAD,0.876,766
20170221,XZKH,0.554,1920
20170221,XZMC,0.999,798
20170221,XZW6,0.202,1771
20170221,XZX,0.428,3636
20170221,YAB0,0.829,1483
20170221,YABZ,0.152,2953
20170221,YAF8,0.068,2822
20170221,YAZD,0.827,8992
20170221,YBA4,0.755,4507
20170221,YBER,0.987,322
20170221,YBNU,0.323,8213
20170221,YBSI,0.664,3591
20170221,YBW,0.555,2971
20170221,YBXR,0.267,3537
20170221,YBYP,0.342,1123
20170221,YCBP,0.484,7453
20170221,YCF6,0.2,8703
20170221,YCU,0.036,8736
20170221,YCY6,0.873,705
20170221,YDEB,0.91,8380
20170221,YDM2,0.384,1057
20170221,YDX6,0.398,4836
20170221,YEFH,0.706,4782
20170221,YEHP,0.612,66
20170221,YEYH,0.983,675
20170221,YEZ5,0.034,2525
20170221,YFYA,0.154,4604
20170221,YGCL,0.406,5957
20170221,YGE,0.293,1222
20170221,YGP1,0.992,596
20170221,YHMB,0.438,2238
20170221,YHPM,0.398,1344
20170221,YIFD,0.638,2055
20170221,YIGB,0.586,3608
20170221,YIRJ,0.771,6775
20170221,YIWD,0.216,3773
20170221,YJB2,0.74,7840
20170221,YJB8,0.135,3443
20170221,YJJT,0.533,6514
20170221,YJM6,0.379,364
20170221,YJO,0.232,743
20170221,YJPL,0.944,8807
20170221,YKCR,0.719,7940
20170221,YKGG,0.803,5868
20170221,YKJ4,0.869,2982
20170221,YKQO,0.784,6834
20170221,YKSI,0.889,3892
20170221,YLD,0.472,7320
20170221,YLD4,0.962,616
20170221,YLM,0.361,8680
20170221,YLTW,0.182,8675
20170221,YLU0,0.492,7911
20170221,YMHE,0.124,7821
20170221,YMJ,0.577,3841
20170221,YMJD,0.288,5485
20170221,YMPA,0.072,2135
20170221,YMUF,0.926,3460
20170221,YNIY,0.414,3351
20170221,YNW0,0.272,7901
20170221,YNYI,0.764,8322
20170221,YOF8,0.083,925
20170221,YOW1,0.105,5623
20170221,YPA1,0.628,8188
20170221,YPM4,0.736,968
20170221,YPN0,0.973,7197
20170221,YPO,0.832,6798
20170221,YPY6,0.728,1912
20170221,YPZI,0.725,580
20170221,YQB8,0.488,1174
20170221,YQD,0.311,3688
20170221,YQEH,0.843,4396
20170221,YQI,0.909,3920
20170221,YQMR,0.619,1665
20170221,YQNA,0.073,2141
20170221,YQUO,0.431,3333
20170221,YRDW,0.564,2880
20170221,YSJ5,0.027,7829
20170221,YSNL,0.264,6487
20170221,YSOO,0.44,2036
20170221,YTHI,0.068,5921
20170221,YTL,0.969,375
20170221,YTQ7,0.223,711
20170221,YTQ9,0.468,4821
20170221,YTSZ,0.52,1130
20170221,YTUS,0.692,5087
20170221,YUDS,0.775,7095
20170221,YUJ0,0.853,3140
20170221,YUR8,0.014,335
20170221,YUSH,0.211,3576
20170221,YUTH,0.505,3987
20170221,YUVV,0.277,3357
20170221,YVA,0.383,7682
20170221,YVGU,0.851,3750
20170221,YVI,0.107,5750
20170221,YVJ3,0.158,7181
20170221,YVJ8,0.585,7815
20170221,YVU,0.622,937
20170221,YVU4,0.249,6889
20170221,YVWH,0.348,1360
20170221,YWA,0.256,7497
20170221,YWF4,0.384,3152
20170221,YWKB,0.368,1333
20170221,YWU,0.203,2523
20170221,YWUT,0.214,8163
20170221,YXA2,0.351,4085
20170221,YXBT,0.722,8085
20170221,YXC3,0.448,3972
20170221,YXVM,0.811,3048
20170221,YYD,0.648,1930
20170221,YYJ,0.55,7404
20170221,YYQ4,0.029,742
20170221,YZH,0.562,6497
20170221,YZH7,0.821,3389
20170221,YZUY,0.106,1660
20170221,YZZN,0.301,7777
20170221,YZZT,0.955,5447
20170221,ZAH7,0.904,2193
20170221,ZAMI,0.887,6818
20170221,ZBF,0.941,5873
20170221,ZBI3,0.472,1489
20170221,ZBIO,0.175,6902
20170221,ZBMT,0.431,3619
20170221,ZBO,0.591,7238
20170221,ZBT4,0.609,6659
20170221,ZBU,0.557,6477
20170221,ZBX1,0.578,3233
20170221,ZBX3,0.607,636
20170221,ZBYU,0.387,4216
20170221,ZCED,0.042,2362
20170221,ZCTS,0.783,3618
20170221,ZCVP,0.4,5515
20170221,ZCZF,0.553,5839
20170221,ZDA0,0.362,3939
20170221,ZDDD,0.273,3786
20170221,ZDWD,0.767,2634
20170221,ZDX,0.315,3639
20170221,ZDZY,0.236,6096
20170221,ZEI6,0.161,8534
20170221,ZELX,0.578,630
20170221,ZEN,0.311,5604
20170221,ZEP,0.954,5374
20170221,ZESW,0.845,135
20170221,ZEV,0.06,7620
20170221,ZFL,0.953,507
20170221,ZFND,0.402,4340
20170221,ZFUN,0.171,7896
20170221,ZGEU,0.608,439
20170221,ZGLZ,0.716,2407
20170221,ZGO5,0.516,8745
20170221,ZGQ4,0.055,4815
20170221,ZGS4,0.17,5996
20170221,ZGT,0.511,5703
20170221,ZHBP,0.97,5216
20170221,ZHJ,0.441,7934
20170221,ZHP,0.895,5779
20170221,ZIG4,0.503,4816
20170221,ZIN,0.819,3087
20170221,ZING,0.442,2285
20170221,ZIUL,0.944,5804
20170221,ZIWC,0.953,2264
20170221,ZIY,0.196,4142
20170221,ZJLA,0.855,8816
20170221,ZJR,0.697,4897
20170221,ZJS,0.025,3923
20170221,ZKAU,0.531,2782
20170221,ZKRU,0.993,3212
20170221,ZKZO,0.671,1428
20170221,ZLLA,0.397,5441
20170221,ZLUN,0.454,7545
20170221,ZLZN,0.383,6566
20170221,ZMR,0.274,8203
20170221,ZMV0,0.185,8539
20170221,ZNNM,0.91,7295
20170221,ZNPV,0.141,945
20170221,ZNW0,0.061,3296
20170221,ZNWO,0.105,1412
20170221,ZOV,0.006,5767
20170221,ZPA,0.339,6010
20170221,ZPM,0.293,2360
20170221,ZPQF,0.977,1369
20170221,ZPUP,0.535,2205
20170221,ZPZ9,0.856,6625
20170221,ZQV7,0.586,5306
20170221,ZQWM,0.972,6858
20170221,ZRAF,0.754,4375
20170221,ZRE,0.153,3950
20170221,ZSH,0.144,6001
20170221,ZSQ,0.904,1588
20170221,ZSR,0.335,6523
20170221,ZST,0.43,2612
20170221,ZSTK,0.963,8818
20170221,ZSUD,0.013,6599
20170221,ZSV,0.113,3168
20170221,ZSY0,0.643,8435
20170221,ZSY6,0.993,6353
20170221,ZTBQ,0.9,3351
20170221,ZTC4,0.215,6575
20170221,ZTP,0.131,2995
20170221,ZTY5,0.245,1730
20170221,ZTYD,0.813,3043
20170221,ZUB,0.327,5758
20170221,ZUH2,0.544,3133
20170221,ZUM7,0.38,4663
20170221,ZUX8,0.373,5972
20170221,ZUZ0,0.282,4200
20170221,ZVBQ,0.662,6394
20170221,ZVE,0.676,7453
20170221,ZVSZ,0.048,1790
20170221,ZWEJ,0.779,8216
20170221,ZWM,0.111,6422
20170221,ZWXS,0.356,8154
20170221,ZWZ7,0.991,572
20170221,ZXA,0.297,1208
20170221,ZXC,0.273,428
20170221,ZXG,0.654,6941
20170221,ZXH5,0.705,6413
20170221,ZXP,0.564,645
20170221,ZXUC,0.482,738
20170221,ZYGT,0.482,13
20170221,ZYJ5,0.469,3604
20170221,ZYS,0.136,6448
20170221,ZYY,0.232,5280
20170221,ZZBH,0.98,1194
20170221,ZZK,0.892,8108
20170221,ZZRX,0.809,8091
20170221,ZZT9,0.24,3135
20170221,ZZXB,0.131,6926
20170218,ATG,0.952,5471
20170220,BLI5,0.06,15070
20170219,DQD3,0.041,4744
20170220,EEKB,0.487,4182
20170216,FOXR,0.732,6892
20170218,JOC,0.004,10469
20170220,KGR4,0.466,9462
20170217,KJCX,0.223,16496
20170220,LRMU,0.505,12487
20170220,PIW7,0.875,4311
20170219,QWD,0.902,1134
20170219,RUD,0.391,14965
20170220,TOR9,0.805,11614
20170220,TVZE,0.877,17385
20170220,TWGG,0.395,13640
20170220,UJIR,0.277,8768
20170220,UNA1,0.803,9508
20170214,VCMC,0.297,5645
20170220,WOPD,0.616,7655
20170219,XNFR,0.764,5206
20170219,YMHE,0.821,10707
20170217,YNYI,0.652,17923
20170219,ZSH,0.199,11379
